"#OTU ID"	"4CC_1_0"	"4CC_1_11"	"4CC_1_14"	"4CC_1_18"	"4CC_1_7"	"4CC_2_0"	"4CC_2_11"	"4CC_2_14"	"4CC_2_18"	"4CC_2_21"	"4CC_2_4"	"4CC_2_7"	"4CC_3_0"	"4CC_3_11"	"4CC_3_14"	"4CC_3_18"	"4CC_3_4"	"4CC_3_7"	"4WC_4_11"	"4WC_4_14"	"4WC_4_21"	"4WC_4_4"	"4WC_4_8"	"4WC_5_0"	"4WC_5_11"	"4WC_5_14"	"4WC_5_21"	"4WC_5_4"	"4WC_6_0"	"4WC_6_11"	"4WC_6_14"	"4WC_6_18"	"4WC_6_21"	"4WC_6_4"	"CC_1_6"	"CC_1_20"	"CC_1_21"	"CC_1_28"	"CC_1_29"	"CC_1_10"	"CC_1_30"	"CC_1_31"	"CC_1_32"	"CC_1_33"	"CC_1_34"	"CC_1_35"	"CC_1_36"	"CC_1_37"	"CC_1_38"	"CC_1_15"	"CC_2_6"	"CC_2_20"	"CC_2_21"	"CC_2_28"	"CC_2_29"	"CC_2_30"	"CC_2_31"	"CC_2_32"	"CC_2_33"	"CC_2_34"	"CC_2_35"	"CC_2_36"	"CC_2_37"	"CC_2_38"	"CC_2_15"	"CC_3_6"	"CC_3_20"	"CC_3_21"	"CC_3_28"	"CC_3_29"	"CC_3_10"	"CC_3_30"	"CC_3_31"	"CC_3_32"	"CC_3_33"	"CC_3_34"	"CC_3_35"	"CC_3_36"	"CC_3_37"	"CC_3_38"	"CC_3_15"	"WC_4_6"	"WC_4_20"	"WC_4_21"	"WC_4_24"	"WC_4_27"	"WC_4_28"	"WC_4_29"	"WC_4_10"	"WC_4_30"	"WC_4_31"	"WC_4_15"	"WC_5_6"	"WC_5_20"	"WC_5_21"	"WC_5_24"	"WC_5_27"	"WC_5_28"	"WC_5_29"	"WC_5_10"	"WC_5_30"	"WC_5_31"	"WC_5_15"	"WC_6_6"	"WC_6_20"	"WC_6_21"	"WC_6_24"	"WC_6_27"	"WC_6_28"	"WC_6_29"	"WC_6_10"	"WC_6_30"	"WC_6_31"	"WC_6_15"
"ASV1"	734	417	459	1063	819	839	282	751	606	198	1332	1671	6	10	0	22	18	21	30	0	15	35	28	0	0	0	0	0	0	0	0	0	0	61	361	119	226	1454	2989	432	2390	4299	576	791	817	502	293	341	334	308	1462	346	75	683	2693	2742	1641	609	1884	2083	886	699	960	333	1560	821	169	105	893	2698	871	2918	2204	1794	849	503	175	170	65	131	281	0	0	0	0	0	0	0	0	11	0	0	0	0	0	0	0	0	0	0	0	0	0	0	0	0	0	0	0	2	0	0	0	0
"ASV2"	285	103	130	563	94	822	257	783	761	238	643	583	190	147	322	481	599	583	0	0	0	0	0	15	0	11	0	0	0	0	0	0	0	0	224	67	311	0	77	33	39	70	214	668	394	536	494	812	716	153	54	42	58	8	247	359	317	2204	2079	1350	1000	480	2115	429	41	101	77	78	170	115	48	241	574	564	636	488	287	566	145	192	33	0	0	0	0	35	0	0	0	43	0	0	0	0	0	0	0	0	0	0	0	30	0	0	0	0	17	45	23	0	0	24	26	0
"ASV4"	360	414	508	889	2310	170	158	204	179	107	218	433	74	118	59	170	278	196	0	0	0	0	0	0	0	0	0	0	0	0	0	0	12	0	0	88	153	0	0	0	0	0	246	220	149	108	161	264	521	58	0	0	0	0	0	0	0	0	0	0	0	0	0	0	0	0	45	27	0	0	0	0	0	0	0	0	0	0	0	0	0	0	0	0	0	0	0	0	0	0	0	0	0	0	0	0	0	0	0	0	0	0	0	0	0	0	0	0	0	0	0	0	92	55
"ASV5"	144	0	0	0	0	0	0	0	56	0	0	0	0	80	255	163	263	189	210	173	161	91	121	109	227	357	316	132	372	169	479	446	339	492	0	226	108	0	0	0	0	0	0	0	43	26	104	148	287	119	0	37	426	0	0	0	0	34	66	83	88	255	70	109	44	0	28	0	0	0	0	0	0	56	180	334	266	428	206	244	0	414	543	255	262	149	311	305	455	229	278	368	0	240	191	161	529	214	421	269	350	289	700	961	435	822	376	813	930	539	500	847	909	1148
"ASV6"	0	0	0	0	0	0	23	34	53	24	13	8	0	11	0	27	20	20	344	136	192	184	353	98	376	173	98	166	52	167	104	31	105	116	34	0	0	0	0	0	0	86	642	1127	1860	996	1231	2157	1622	0	194	0	103	0	0	67	221	412	1225	955	1083	1076	813	686	0	826	199	84	0	0	1169	110	356	1107	1226	1248	792	1112	611	976	339	0	0	0	0	0	0	0	0	0	0	27	0	106	110	0	97	113	87	0	83	217	262	0	0	57	0	0	78	0	0	0	143	0
"ASV7"	138	0	0	145	129	251	144	264	275	56	522	778	114	50	0	76	180	78	0	0	0	0	0	20	30	25	30	0	0	0	0	0	0	0	893	246	436	0	223	693	169	677	415	1413	1632	404	927	1263	581	1949	1230	536	187	0	162	127	179	104	627	408	343	409	139	152	1314	1649	1216	354	0	211	2306	434	529	906	789	679	387	796	220	383	1730	0	0	0	0	0	0	0	0	0	0	0	0	0	0	0	0	0	0	0	0	0	0	0	0	0	0	0	0	24	0	0	0	0
"ASV8"	0	376	986	858	0	0	266	945	1058	466	4	67	0	20	30	58	0	0	0	0	0	0	0	0	0	0	0	0	0	0	0	0	0	0	0	0	0	0	0	0	0	0	0	0	0	0	5	0	23	0	0	7	12	0	0	0	0	0	18	39	24	48	34	77	6	0	0	41	0	0	0	0	0	24	53	51	51	50	122	485	0	67	932	320	210	85	130	154	94	283	332	134	114	169	179	132	157	125	119	87	84	103	563	74	95	287	131	434	145	71	56	42	236	255
"ASV9"	0	0	0	0	0	0	0	0	0	0	0	0	0	0	0	0	0	0	232	262	190	95	81	156	357	486	225	254	248	207	491	315	497	504	0	0	0	872	1638	0	983	1633	1034	1688	3032	1055	1690	1543	1403	0	0	0	0	535	749	552	458	359	1070	749	579	310	224	210	0	430	126	156	907	221	385	534	375	325	239	186	127	157	83	146	262	0	0	0	0	0	0	0	0	0	0	0	0	0	0	0	0	0	0	0	0	0	0	0	0	0	0	0	0	0	0	0	0	0
"ASV10"	0	0	0	0	0	0	0	0	0	0	0	0	0	0	0	0	0	0	280	267	269	499	728	557	255	288	405	46	57	61	78	28	30	127	201	19	33	0	23	48	19	0	28	79	80	62	50	75	71	69	1071	370	359	0	127	93	34	23	126	72	85	66	54	61	389	274	124	111	0	165	265	212	152	161	158	127	82	73	64	102	154	0	0	0	0	0	0	0	0	0	0	0	0	0	0	0	0	0	0	0	0	0	0	0	0	0	0	13	0	0	0	0	0	0
"ASV11"	1111	37	0	0	148	158	0	0	0	0	0	0	271	105	99	125	466	272	47	61	36	228	164	37	24	9	9	12	0	37	16	0	34	24	0	768	2251	0	0	77	0	0	205	658	849	692	736	1184	1210	685	0	1269	479	0	0	0	216	407	1039	1225	1129	937	837	490	233	0	2354	1139	0	0	0	0	0	283	242	329	237	321	242	445	171	0	0	0	0	0	0	0	0	0	0	0	0	0	0	0	0	0	0	0	0	0	0	0	0	0	0	0	0	0	0	0	0	0
"ASV12"	10	0	0	0	0	0	0	0	0	0	0	0	0	18	0	10	8	0	72	17	32	32	23	178	33	0	0	11	4	10	0	0	6	0	0	0	0	0	70	0	0	0	106	184	293	72	109	126	148	0	0	0	0	43	194	121	279	180	513	373	362	361	93	212	0	0	43	0	333	573	0	567	1026	1219	1768	1377	849	1404	900	1192	0	0	0	0	0	0	0	0	0	0	0	0	255	85	60	29	0	63	88	90	0	62	168	0	0	0	0	0	0	0	0	0	0	0
"ASV13"	0	45	173	208	221	54	67	207	275	96	355	373	0	71	102	219	309	169	0	0	0	0	0	0	0	0	0	0	22	0	0	7	0	0	124	99	83	0	0	0	62	0	0	0	250	74	0	264	434	0	81	0	109	0	1415	715	330	0	496	303	251	259	0	78	114	0	48	0	0	615	0	441	1232	770	836	628	0	639	228	290	0	0	0	0	0	0	0	0	0	0	0	0	0	0	0	0	0	0	0	0	0	0	0	0	0	0	0	0	0	0	0	0	0	0
"ASV14"	364	57	36	43	152	175	18	55	33	20	72	146	96	32	49	20	233	134	19	16	9	23	43	38	9	0	0	0	10	15	0	3	12	17	0	0	0	0	0	0	0	0	0	0	0	0	0	0	31	0	0	0	0	0	0	0	0	0	0	0	0	0	0	0	0	0	0	0	0	0	0	0	0	0	0	0	0	0	0	0	0	0	1006	227	656	367	767	656	32	407	844	120	0	356	493	251	1723	742	1080	0	520	817	434	0	266	573	218	655	707	599	62	494	985	465
"ASV16"	169	98	81	236	83	151	43	178	111	44	136	177	53	64	258	98	0	535	0	0	0	0	0	0	0	0	0	0	0	0	0	0	0	0	0	199	186	0	0	23	0	0	14	142	212	219	322	477	1131	127	0	123	469	0	0	8	0	49	229	231	419	465	500	397	0	0	0	137	0	0	0	9	93	87	309	176	169	301	93	158	35	0	0	0	0	63	0	0	0	78	0	0	0	88	8	0	94	0	87	0	10	120	0	0	0	231	64	118	136	58	16	60	87	0
"ASV17"	0	0	0	40	0	0	29	65	49	29	0	0	0	0	0	0	0	0	0	0	0	0	0	0	0	0	0	0	0	0	0	0	0	0	0	0	0	0	0	0	0	0	0	0	0	0	0	0	0	0	0	0	0	0	0	0	0	0	0	0	0	0	0	0	0	0	0	0	0	0	0	0	0	0	0	0	0	0	0	0	0	0	1367	462	503	68	421	451	6	147	326	168	0	266	398	55	917	353	731	12	246	203	569	0	264	815	75	19	127	200	0	19	211	598
"ASV18"	0	0	15	28	0	0	11	13	50	17	0	32	25	25	113	106	106	102	94	47	48	37	17	32	256	214	167	120	58	23	67	60	83	45	0	0	0	0	0	0	0	0	0	0	0	92	316	463	0	0	0	0	0	0	0	0	0	0	368	286	274	0	0	564	0	0	0	0	0	0	0	0	0	0	0	541	0	366	0	227	0	0	0	0	0	0	0	0	0	0	0	0	0	0	0	0	0	0	0	0	0	0	0	0	0	0	0	0	0	0	0	0	0	0
"ASV20"	0	0	0	0	0	0	0	0	0	0	0	0	0	41	47	152	96	63	303	149	168	100	169	49	41	22	36	0	24	49	48	39	58	37	175	94	0	2	87	109	158	260	96	148	163	102	0	88	112	111	423	239	0	27	281	194	181	121	279	153	134	70	52	70	544	335	0	47	0	137	381	274	219	293	253	228	54	74	38	73	74	0	0	0	0	0	0	0	0	0	0	0	0	0	0	0	0	0	0	0	0	0	0	0	0	0	0	0	0	0	0	0	0	0
"ASV21"	156	89	80	347	102	78	58	75	136	18	76	170	36	12	69	62	135	216	0	0	0	8	0	0	0	0	0	0	0	0	7	0	7	0	359	61	66	0	27	102	9	0	116	253	302	65	126	176	199	178	598	102	191	0	212	80	236	182	405	359	186	381	136	138	126	306	49	39	0	58	207	109	372	382	441	363	289	270	129	78	85	53	0	0	0	0	0	0	57	0	0	21	31	0	0	0	0	0	0	35	0	0	0	0	0	0	0	0	0	0	0	0	0	0
"ASV23"	0	0	0	0	0	0	0	0	0	0	0	0	4	7	20	29	21	37	126	142	97	86	145	0	59	0	0	0	219	157	184	23	165	180	0	0	0	0	0	0	0	0	0	0	0	0	0	0	0	0	0	0	0	0	0	0	0	0	0	0	0	0	0	0	0	0	0	0	0	0	0	0	0	0	0	0	0	0	0	0	0	0	575	296	395	80	578	441	0	38	166	49	0	179	380	394	906	397	653	0	535	82	295	0	382	2849	191	56	66	284	0	36	97	1048
"ASV24"	3	24	139	187	18	0	112	181	150	103	80	196	0	61	62	97	10	32	0	0	0	0	0	0	0	0	0	0	0	0	0	0	0	0	0	0	0	0	0	0	0	0	19	93	122	28	62	86	88	0	0	0	0	0	0	0	0	0	76	90	270	337	81	164	0	0	19	38	0	0	0	0	0	0	50	51	24	35	28	33	17	0	0	0	0	0	0	10	0	0	14	0	0	0	0	0	0	0	0	0	0	0	0	10	0	0	0	0	0	0	0	0	0	9
"ASV25"	0	0	0	0	0	78	69	178	139	59	527	331	0	0	0	0	0	0	0	0	0	0	0	0	0	0	0	0	0	0	0	0	0	0	0	0	0	0	0	0	0	28	0	24	0	0	22	0	18	0	0	0	0	1422	1429	1051	697	536	1506	1555	1077	998	633	430	0	0	0	0	117	38	0	40	71	34	73	31	24	26	29	0	0	0	0	0	0	0	0	0	0	0	0	0	0	0	0	0	0	0	0	0	0	0	0	892	18	53	63	18	235	45	32	29	221	47
"ASV26"	0	33	0	63	0	64	69	111	104	109	137	144	104	49	28	172	162	175	0	0	0	0	0	0	0	0	0	0	0	0	0	0	0	0	0	0	0	0	0	0	0	0	0	0	0	0	23	45	48	0	0	0	0	0	0	0	0	0	0	0	20	78	28	0	0	0	0	12	0	0	0	0	0	0	0	0	17	46	265	345	0	0	78	46	51	40	30	42	27	69	97	35	0	101	82	24	87	77	71	0	23	63	123	0	32	96	31	39	79	78	24	51	115	67
"ASV30"	0	0	0	0	0	0	0	0	0	0	0	0	0	0	0	0	0	0	0	27	0	0	0	28	69	189	110	56	136	257	150	45	243	50	0	0	0	0	0	0	0	0	0	0	0	0	0	0	0	0	0	0	0	0	0	0	0	0	0	0	0	0	0	0	0	0	0	0	0	0	0	0	0	0	0	0	0	0	0	0	0	20	44	0	18	0	0	0	0	31	0	0	0	0	0	0	0	14	0	0	0	0	17	0	0	0	0	0	0	0	0	0	0	0
"ASV31"	81	39	69	170	121	11	29	174	118	52	90	135	0	0	16	25	6	8	20	17	15	16	0	0	14	16	28	5	11	0	16	23	27	25	0	0	0	104	250	0	280	452	131	266	262	254	156	181	273	0	116	0	0	47	99	0	149	53	163	143	78	79	37	46	33	0	0	0	58	105	0	134	174	159	135	102	55	80	34	0	0	0	0	0	0	0	0	0	0	0	0	0	0	0	0	0	0	0	0	0	0	0	0	0	0	0	0	112	0	0	0	0	0	0
"ASV32"	16	46	123	173	137	0	0	23	7	6	0	0	0	78	220	375	0	65	0	0	0	0	0	0	0	0	0	0	0	0	0	0	13	0	37	0	36	0	0	0	0	12	46	128	114	70	97	134	104	0	23	128	185	0	79	206	315	258	718	500	647	533	149	294	27	257	44	44	0	35	210	56	173	385	351	371	197	266	226	332	79	122	109	0	41	112	42	41	115	160	67	63	57	29	15	0	0	23	28	16	17	32	29	647	30	109	32	0	88	74	159	36	67	108
"ASV34"	34	60	22	69	40	280	62	136	149	20	148	250	0	0	0	0	0	0	0	0	0	0	0	0	0	0	0	0	0	0	0	0	0	0	0	72	0	795	354	30	188	219	142	240	346	167	149	302	118	118	205	214	87	551	65	70	22	0	35	49	37	57	46	30	287	150	105	60	837	48	231	56	74	68	132	43	34	52	43	35	121	0	0	0	0	0	0	0	0	0	0	0	0	0	0	0	0	0	0	0	0	0	0	0	0	0	0	0	0	0	0	0	0	0
"ASV36"	25	0	0	45	0	268	82	116	139	49	84	145	12	8	16	9	9	18	7	9	0	8	0	0	7	0	0	0	0	0	7	0	0	0	0	0	0	268	470	0	286	286	163	358	506	110	227	227	278	0	0	0	0	21	0	29	27	0	54	45	14	24	0	16	0	28	0	0	26	10	13	16	85	57	66	58	24	50	0	26	0	50	0	0	26	0	0	0	39	25	0	0	0	0	0	0	0	0	0	0	0	0	0	134	0	0	0	0	0	0	0	0	0	0
"ASV38"	18	0	0	0	0	0	0	0	0	0	0	0	0	0	0	0	0	0	68	176	49	61	279	0	0	0	16	0	21	37	27	30	39	80	0	0	0	0	0	0	0	0	0	0	0	0	0	0	0	0	0	0	0	0	0	0	0	0	0	0	0	0	0	0	0	0	0	0	0	0	0	0	0	0	0	0	0	0	0	18	0	0	306	102	149	83	0	49	15	80	102	57	0	63	62	0	59	51	30	0	0	16	40	36	0	268	39	0	28	39	28	0	112	84
"ASV39"	0	0	0	0	0	0	0	0	0	0	0	0	0	0	0	0	0	0	67	131	61	107	79	74	61	179	49	89	0	0	56	0	0	0	0	0	0	0	0	0	0	0	0	0	14	0	0	0	0	0	0	0	0	0	0	0	0	0	0	0	14	0	0	0	0	0	0	0	0	0	0	0	0	0	0	0	22	0	0	0	0	32	124	27	78	80	72	62	0	75	118	36	138	359	292	99	499	298	371	101	311	221	298	72	43	121	40	125	71	85	62	92	111	128
"ASV40"	0	0	0	0	0	0	0	98	84	0	0	0	0	0	0	0	0	0	0	45	0	0	0	0	233	185	113	123	0	0	0	0	0	0	40	0	0	0	71	11	35	0	14	0	26	0	0	0	0	40	13	0	0	837	456	486	296	106	282	249	135	126	193	41	15	9	0	0	675	524	0	449	504	156	136	75	57	51	0	0	0	0	0	0	0	0	0	0	0	0	0	0	0	0	0	0	0	0	0	0	0	0	0	0	0	0	0	0	0	0	0	0	0	0
"ASV41"	0	0	0	0	0	0	0	0	0	0	0	0	0	0	0	0	0	0	57	49	39	67	68	51	95	59	55	34	67	32	48	98	58	101	0	0	0	0	0	0	0	0	0	0	0	0	0	18	35	0	0	0	0	0	0	0	0	0	0	0	0	0	0	27	0	0	0	0	0	0	0	0	0	0	0	0	0	0	0	0	0	0	340	127	200	138	189	232	0	178	308	79	0	145	204	57	554	323	359	0	262	308	266	0	75	190	71	177	221	223	42	294	303	164
"ASV43"	0	0	0	0	0	38	0	51	0	0	0	0	0	0	0	0	0	0	0	0	0	0	0	0	0	0	0	0	0	0	0	0	0	0	0	0	0	0	0	0	0	0	0	0	0	0	0	0	0	0	0	0	0	0	0	0	0	0	0	0	0	0	0	0	0	0	0	0	0	0	0	0	0	0	0	0	0	0	0	0	0	0	0	0	36	0	38	95	0	44	20	0	0	0	0	0	114	0	53	0	0	16	0	0	0	24	0	0	0	0	0	0	32	0
"ASV44"	0	25	19	66	0	16	17	57	138	14	283	77	58	25	13	32	93	8	0	0	0	0	0	0	0	0	0	0	0	0	0	0	0	0	81	0	0	0	0	148	0	49	62	326	344	251	305	340	308	218	0	0	0	0	0	0	170	181	610	460	510	282	186	0	0	48	0	0	0	16	119	143	956	932	261	364	331	181	55	90	0	0	0	0	0	0	0	0	0	0	0	0	0	0	0	0	0	0	0	0	0	0	0	0	0	0	0	0	0	0	0	0	0	0
"ASV45"	108	65	34	103	40	0	0	0	0	0	0	0	0	21	45	20	67	50	37	100	33	16	27	23	16	24	15	0	0	0	0	0	0	0	0	0	0	11	43	0	0	0	0	0	0	5	0	0	0	0	0	0	0	10	0	0	0	0	19	0	0	0	0	0	0	0	0	0	81	0	0	14	0	0	0	0	0	0	0	0	0	832	1179	243	262	627	262	220	681	1100	1063	87	169	0	0	0	0	34	0	0	36	0	0	0	0	0	110	0	121	0	0	0	0	0
"ASV46"	33	3	4	0	15	13	0	0	0	0	3	3	0	6	18	7	17	27	39	7	13	16	23	21	14	11	0	0	23	36	24	26	29	82	114	93	47	37	71	55	60	73	19	39	33	14	20	33	16	191	113	93	53	148	188	62	26	26	69	77	18	50	39	31	135	157	133	66	1092	132	142	216	228	184	316	121	87	98	51	93	81	27	28	0	0	0	0	0	55	21	13	12	0	0	0	0	0	0	0	12	12	21	0	0	0	0	0	0	0	16	22	0	0	0
"ASV47"	0	0	0	0	0	0	0	0	0	0	0	0	0	0	0	0	0	0	0	0	0	0	0	0	0	0	0	0	0	0	0	0	0	0	0	0	0	0	0	0	0	0	0	0	0	0	0	52	316	0	0	0	12	0	0	0	0	0	0	0	12	147	86	141	0	0	9	0	0	0	0	0	0	0	0	16	115	214	197	221	0	0	80	18	54	41	11	19	0	23	23	29	0	53	64	59	120	23	25	0	25	34	111	0	10	51	62	13	20	12	0	16	51	38
"ASV48"	0	0	0	0	0	0	0	0	0	0	0	0	0	0	0	0	0	0	0	0	0	0	0	0	0	0	0	0	0	0	0	0	0	0	0	0	0	0	0	0	0	0	0	0	0	0	0	0	0	0	0	0	0	0	0	0	0	0	0	0	0	0	0	0	0	0	0	0	0	0	0	0	0	0	0	0	0	0	0	0	0	78	1044	117	446	248	357	424	317	521	218	324	0	189	244	96	483	379	364	0	428	358	225	20	0	0	0	0	0	0	0	0	79	0
"ASV50"	0	0	0	0	0	0	0	0	0	0	0	0	0	0	0	0	0	0	0	44	39	80	55	40	110	74	54	65	42	40	38	33	25	107	0	0	0	0	0	0	0	0	0	0	0	0	0	0	0	0	0	0	0	0	0	0	0	0	0	0	0	0	0	0	0	0	0	0	0	0	0	0	0	0	0	0	0	0	0	0	0	0	229	99	281	82	326	351	0	112	232	0	0	75	163	265	858	436	519	0	287	465	50	0	134	224	116	183	103	124	0	85	165	490
"ASV52"	43	47	71	147	80	0	0	0	0	0	0	0	33	51	54	96	46	94	0	0	0	0	0	0	0	0	0	0	0	0	0	0	0	0	0	0	0	0	0	0	0	0	0	0	0	0	0	0	0	0	67	0	0	0	0	0	0	0	0	0	0	0	0	0	0	0	0	0	0	0	0	0	0	12	0	0	10	0	0	0	0	15	0	0	0	0	0	0	0	0	0	0	31	0	22	12	30	0	16	17	0	10	44	26	0	0	0	0	0	0	0	0	0	28
"ASV54"	0	0	0	0	0	0	0	0	0	0	0	0	0	0	0	0	0	0	0	0	0	0	0	0	0	0	0	0	0	0	0	0	0	0	0	0	0	0	318	0	0	262	0	0	0	0	0	0	0	0	0	536	164	0	0	314	321	198	377	644	222	237	309	0	1242	321	0	0	0	0	0	0	0	216	0	0	0	0	0	0	0	0	0	0	0	0	0	0	0	0	0	0	0	0	0	0	0	0	0	0	0	0	0	0	0	0	0	0	0	0	0	0	0	0
"ASV56"	222	15	33	64	109	16	10	36	11	41	22	39	0	16	0	15	35	18	0	7	0	0	9	0	0	0	0	0	0	0	0	0	0	0	0	0	0	0	0	0	0	0	0	0	0	0	0	0	0	0	19	0	0	0	0	0	0	0	0	0	0	0	0	0	0	0	0	0	0	0	0	0	0	0	0	0	0	0	0	0	0	0	21	0	0	0	18	0	0	0	19	9	0	0	0	0	0	0	0	0	0	0	0	70	0	98	39	129	0	30	0	21	0	19
"ASV58"	8	4	11	19	7	0	5	7	11	8	0	0	28	11	34	23	39	64	0	0	0	0	0	0	0	0	0	0	0	0	0	0	0	0	85	0	15	0	6	53	15	25	74	152	247	36	95	121	202	73	92	27	122	0	11	19	28	27	61	63	29	118	47	28	35	35	13	0	0	0	8	13	28	115	184	145	114	135	96	188	0	29	0	0	0	0	0	0	0	0	0	0	24	0	44	0	0	0	0	0	0	0	0	101	0	0	0	38	0	0	0	0	34	0
"ASV59"	0	0	0	0	0	0	0	0	0	0	0	0	0	0	0	0	0	0	0	0	0	0	0	0	0	0	0	0	0	0	0	0	0	0	40	0	0	816	624	0	133	89	0	0	0	0	0	0	0	0	0	0	0	371	133	40	0	0	0	0	0	0	0	0	0	5	0	0	812	33	0	54	0	0	0	0	0	0	0	0	0	0	0	0	0	0	0	0	0	0	0	0	0	0	0	0	0	0	0	0	0	0	0	0	0	0	0	0	0	0	0	0	0	0
"ASV60"	0	0	0	0	0	0	0	0	0	0	0	0	0	0	0	0	0	0	0	15	0	18	20	36	56	54	37	23	154	72	58	40	43	70	0	0	0	0	0	0	0	0	0	0	0	0	0	0	0	0	0	0	0	0	0	0	0	0	0	0	0	0	0	0	0	0	0	0	0	0	0	0	0	0	0	0	0	0	0	0	0	185	413	86	180	148	124	139	108	116	146	58	203	231	242	40	342	212	183	193	168	104	417	73	83	158	127	73	123	94	94	76	103	189
"ASV62"	38	4	0	5	25	42	0	0	0	0	0	24	0	11	21	12	50	66	14	25	0	0	0	58	47	57	48	61	66	0	16	0	0	0	0	0	0	0	0	0	0	0	0	0	0	0	0	0	12	0	0	0	0	0	0	0	0	0	0	0	0	0	0	0	0	0	0	0	0	0	0	0	0	0	0	0	0	14	14	28	0	13	45	22	18	0	0	0	34	0	0	0	38	45	39	18	96	30	45	23	46	27	55	123	15	54	41	39	30	20	41	19	40	33
"ASV64"	0	0	0	0	0	0	0	0	0	0	0	0	0	0	0	0	0	0	0	0	0	0	0	75	131	162	177	89	0	0	0	0	0	0	0	0	0	0	0	0	0	0	0	0	0	0	0	0	0	0	0	0	0	0	0	0	0	0	0	0	0	0	0	0	0	0	0	0	0	0	0	0	0	0	0	0	0	0	0	0	0	80	141	37	54	0	0	0	30	0	0	0	51	0	0	25	0	0	0	22	0	0	0	94	0	0	46	24	0	0	122	0	0	0
"ASV65"	0	0	0	0	0	0	0	0	0	0	0	0	0	0	0	0	0	0	38	47	37	0	16	0	65	73	43	23	44	25	47	56	57	28	0	0	0	0	0	0	0	0	0	0	0	0	0	0	0	0	0	0	0	0	0	0	0	0	0	0	0	0	0	0	0	0	0	0	0	0	0	0	0	0	0	0	0	0	0	0	0	0	208	91	144	54	132	98	19	17	57	28	0	105	133	33	273	168	170	0	207	31	106	238	103	369	24	37	0	18	137	0	35	220
"ASV68"	0	0	0	0	0	0	0	0	0	0	0	0	0	0	0	0	0	0	0	0	0	0	0	0	0	0	0	0	0	0	0	0	0	0	0	0	0	0	0	0	0	0	0	0	0	0	0	0	6	0	0	0	23	0	0	9	0	0	0	10	0	0	0	0	0	0	0	0	0	17	0	0	17	24	25	20	11	25	0	4	0	246	0	0	0	0	0	0	0	0	0	0	0	18	12	0	24	0	22	30	0	33	48	978	37	446	256	62	286	190	524	136	157	126
"ASV71"	0	17	9	26	0	0	0	0	0	0	0	26	46	23	40	36	58	72	0	0	0	0	0	0	0	37	0	22	0	0	0	30	49	0	31	0	28	0	7	23	22	139	83	115	126	72	75	66	98	62	343	169	119	0	3	54	158	73	188	161	78	88	52	15	237	54	34	11	0	0	24	27	370	199	96	83	34	39	18	18	0	0	0	0	0	0	0	0	0	0	0	0	0	0	0	0	0	0	0	0	0	0	0	0	0	0	0	0	0	0	0	0	0	0
"ASV73"	0	0	0	0	0	247	18	70	51	11	202	52	0	0	0	0	0	0	0	0	0	0	0	0	0	0	0	0	0	0	0	0	0	0	0	0	0	40	230	0	126	203	224	420	434	135	178	215	172	0	214	5	0	0	31	0	0	0	0	0	0	0	0	0	0	115	0	0	99	68	0	94	74	53	151	52	46	25	25	29	0	0	0	0	0	0	0	0	0	0	0	0	0	0	0	0	0	0	0	0	0	0	0	0	0	0	0	0	0	0	0	0	0	0
"ASV74"	0	0	0	0	0	0	0	0	0	0	0	0	0	0	0	0	0	0	111	77	87	52	139	0	0	0	0	0	0	0	14	28	36	0	40	33	82	0	0	19	0	0	0	18	40	60	53	95	111	97	98	31	209	0	0	0	22	34	85	48	44	35	15	11	18	0	0	3	0	0	0	11	10	19	13	0	0	21	0	0	0	0	0	0	0	0	0	0	0	0	0	0	0	0	0	0	0	0	0	0	0	0	0	0	0	0	0	0	0	0	0	0	0	0
"ASV79"	0	0	0	0	0	0	0	0	0	0	0	0	0	0	0	0	0	0	117	106	78	126	141	0	0	0	0	0	0	0	0	0	0	0	0	0	0	0	0	0	0	0	0	0	0	0	0	0	0	0	0	0	0	0	0	0	0	0	0	0	0	0	0	0	0	0	0	0	0	0	0	0	0	0	0	0	0	0	0	0	0	0	49	39	86	70	0	0	0	46	63	0	0	0	0	0	88	0	49	0	0	63	0	0	0	0	51	0	0	0	0	0	0	0
"ASV82"	46	52	80	95	53	20	0	46	26	0	0	134	0	0	0	0	0	0	0	0	0	0	0	0	0	0	0	0	0	0	0	0	0	0	0	0	0	0	0	0	0	0	0	0	0	0	0	0	0	0	0	0	0	0	0	0	0	0	0	0	0	0	0	0	0	0	2	0	0	0	0	0	0	0	0	0	0	0	0	0	0	342	50	86	90	39	26	13	196	17	18	27	298	65	68	15	65	50	17	190	13	22	226	41	10	19	15	11	9	21	53	24	144	57
"ASV85"	0	0	0	0	0	0	0	0	0	0	0	0	0	0	0	0	0	0	49	45	20	42	68	21	61	48	19	0	14	22	12	0	16	71	0	0	0	0	17	0	0	10	19	37	44	14	30	40	39	0	0	0	0	0	22	8	14	11	44	16	16	28	0	19	0	0	0	0	0	9	0	23	78	88	162	95	50	61	45	42	0	0	0	0	0	0	0	0	0	0	0	0	0	0	0	0	0	0	0	0	0	0	0	0	0	0	0	0	0	0	0	0	0	0
"ASV86"	0	0	0	0	0	0	0	0	0	0	0	0	0	0	0	0	0	0	0	0	0	0	20	20	32	31	0	41	59	0	74	0	69	135	0	0	0	0	0	0	0	0	0	0	0	0	0	0	0	0	0	0	0	0	0	0	0	0	0	0	0	0	0	0	0	0	0	0	0	0	0	0	0	0	0	0	0	0	0	0	0	0	104	0	67	42	43	46	46	50	89	50	0	66	62	0	85	105	73	50	43	94	120	227	30	63	0	0	43	68	89	55	32	104
"ASV87"	0	10	0	22	0	103	31	31	64	21	0	12	24	18	26	53	56	19	0	0	0	0	0	0	0	0	0	0	0	0	0	0	0	0	0	0	0	0	0	0	0	0	0	0	0	0	0	0	0	0	0	0	0	0	0	0	0	0	0	0	0	0	0	0	0	0	0	0	0	0	0	0	0	0	0	0	4	10	262	660	0	40	70	29	29	23	27	17	36	40	104	58	0	46	76	5	46	71	33	0	0	70	45	390	39	45	16	48	65	88	117	109	208	196
"ASV88"	0	0	0	0	0	0	0	0	0	0	0	0	0	0	0	0	0	0	22	41	23	32	12	0	0	54	33	0	51	52	65	21	97	0	0	41	120	0	0	0	0	0	13	87	118	123	121	203	247	78	0	59	58	0	0	0	0	18	118	89	101	123	82	81	56	0	61	25	0	0	0	0	23	95	102	55	59	113	66	164	9	0	0	0	0	0	0	0	0	0	0	0	0	0	0	0	0	0	0	0	0	0	0	0	0	0	0	0	0	0	0	0	0	0
"ASV89"	0	0	14	0	0	0	0	31	21	0	21	40	0	0	0	0	0	0	0	0	0	0	0	0	0	0	0	0	0	0	0	0	0	0	0	81	57	0	0	55	0	0	0	88	118	52	125	230	268	144	0	0	0	0	0	0	0	60	308	192	217	262	88	140	0	0	0	0	0	0	0	0	0	165	406	386	176	306	94	0	0	0	0	0	0	0	0	0	0	0	0	0	0	0	0	0	0	0	0	0	0	0	0	0	0	0	0	0	0	0	0	0	0	0
"ASV90"	21	0	0	0	9	55	0	17	6	5	10	7	0	0	0	0	10	14	8	0	0	0	5	12	10	8	0	6	0	0	0	0	0	0	28	0	0	0	0	11	7	11	77	403	192	104	156	138	232	16	0	0	0	0	0	61	38	56	157	145	106	166	31	42	0	0	0	0	0	0	0	54	29	84	63	119	50	78	22	18	0	0	0	0	0	0	0	0	0	0	0	0	0	0	0	0	0	0	0	0	0	0	0	0	0	0	0	0	0	0	0	0	0	0
"ASV92"	0	0	0	0	0	0	0	0	0	0	0	0	0	0	0	0	0	0	23	23	22	13	40	0	0	21	0	10	42	29	45	66	55	76	0	0	0	0	0	0	0	0	0	0	0	0	0	0	0	0	0	0	0	0	0	0	0	0	0	0	0	0	0	0	0	0	0	0	0	0	0	0	0	0	0	0	0	0	0	0	0	46	50	19	18	7	0	0	66	5	9	35	808	23	45	10	47	15	26	291	0	0	90	71	0	12	42	0	0	22	59	6	0	31
"ASV94"	51	13	0	31	46	0	0	0	0	0	0	0	0	0	0	0	0	0	0	0	0	0	0	41	73	43	44	37	0	0	0	0	0	0	0	0	0	0	0	0	0	0	0	0	0	0	0	0	0	0	0	0	0	0	0	0	0	0	0	0	0	0	0	0	0	0	0	0	0	0	0	0	0	0	0	0	0	0	0	0	0	0	47	12	45	72	16	23	0	131	178	0	0	0	0	0	0	0	0	0	0	20	0	308	76	301	212	323	175	100	170	168	170	283
"ASV98"	0	0	0	0	0	0	0	0	0	0	0	0	0	0	0	10	0	0	64	30	16	34	44	0	0	0	0	0	22	25	25	28	38	0	0	0	0	0	0	0	0	0	0	0	0	0	0	0	0	0	0	0	0	0	0	0	0	0	0	0	0	0	0	0	0	0	0	0	0	0	0	0	0	0	0	0	0	0	0	0	0	0	0	0	0	0	0	0	0	0	35	0	0	0	0	0	31	21	29	0	0	0	0	0	26	129	22	0	0	0	0	0	0	0
"ASV99"	0	0	0	0	0	0	0	0	0	0	0	0	0	0	0	0	0	0	0	0	0	0	0	0	0	0	0	0	0	0	0	0	0	0	0	0	0	0	0	0	0	0	0	0	0	0	0	0	0	0	0	0	0	0	423	226	67	25	60	55	40	59	0	32	0	0	0	0	0	0	0	0	0	0	0	0	0	0	0	0	0	0	0	0	0	0	0	0	0	0	0	0	0	0	0	0	0	0	0	0	0	0	0	0	0	0	0	0	0	0	0	0	0	0
"ASV101"	0	0	0	11	0	0	0	0	12	0	0	0	30	10	32	55	29	41	0	0	6	8	0	0	33	24	0	9	29	19	20	0	19	14	14	34	178	0	0	0	0	0	0	22	50	76	75	109	332	32	0	0	0	0	0	0	0	28	146	162	126	107	71	116	0	0	47	65	0	0	0	0	12	68	102	101	57	88	78	168	41	0	0	0	0	0	0	0	0	0	0	0	0	0	0	0	0	0	0	0	0	0	0	0	0	0	0	0	0	0	0	0	0	0
"ASV102"	0	0	0	0	0	0	0	0	0	0	0	0	8	14	68	31	28	117	17	11	0	0	0	0	0	0	0	0	0	0	0	0	0	0	0	0	0	0	0	0	0	0	0	0	0	0	0	0	0	0	0	0	0	0	0	0	0	0	0	0	0	0	0	0	0	0	0	0	0	0	0	0	0	0	0	0	0	0	0	0	0	0	126	0	0	21	67	99	0	40	80	89	0	87	36	0	45	48	21	0	28	33	120	0	72	78	0	0	63	92	0	51	195	156
"ASV103"	0	0	0	0	0	0	0	0	0	0	0	0	0	0	0	0	0	0	3	0	0	0	0	0	0	0	7	0	0	0	7	0	0	0	0	0	0	0	0	0	0	0	0	0	0	0	0	0	0	0	0	0	0	0	0	0	0	0	0	0	0	0	0	0	0	0	0	0	0	0	0	0	0	0	0	0	0	0	0	0	0	0	0	15	16	0	0	0	0	0	0	0	47	49	20	0	33	30	27	72	22	0	151	277	0	41	0	0	0	0	71	0	33	63
"ASV104"	0	0	0	0	0	0	0	0	0	0	0	0	0	0	0	0	0	0	37	34	118	0	0	0	0	34	66	0	0	0	0	18	45	0	0	0	0	0	0	0	0	0	0	0	0	0	0	0	0	0	0	0	0	0	0	0	0	0	0	0	0	0	0	0	0	0	0	0	0	0	0	0	0	0	0	0	0	0	0	0	0	0	0	0	0	0	0	0	0	0	0	0	0	0	0	29	0	0	0	0	0	0	0	331	94	328	284	367	210	161	161	69	174	218
"ASV105"	0	0	22	31	6	17	24	79	78	31	0	35	0	0	35	46	0	9	0	0	0	0	0	0	0	0	0	0	0	0	0	0	0	0	10	213	83	0	32	0	260	388	48	136	123	95	99	126	67	218	0	0	0	0	0	177	152	55	162	317	222	259	106	103	0	0	0	0	0	0	0	13	21	18	0	0	0	0	0	0	0	0	0	0	0	0	0	0	0	0	0	0	0	0	0	0	0	0	0	0	0	0	0	0	0	0	0	0	0	0	0	0	0	0
"ASV106"	0	0	0	0	0	0	0	0	0	0	0	0	0	0	0	0	0	0	0	0	0	0	0	0	0	0	0	0	0	0	0	0	0	0	0	0	0	0	0	0	0	0	0	0	0	0	0	0	0	0	0	0	0	0	0	0	146	253	772	728	460	527	265	215	0	0	0	0	0	0	0	0	0	0	0	108	0	0	0	0	0	0	0	0	0	0	0	0	0	0	0	0	0	0	0	0	0	0	0	0	0	0	0	0	0	0	0	0	0	0	0	0	0	0
"ASV107"	0	0	0	0	0	0	0	0	0	0	0	0	0	0	0	0	0	0	85	54	58	30	59	0	0	0	0	0	0	0	0	8	17	3	101	0	0	0	27	77	0	0	35	39	57	32	43	46	45	0	252	52	109	10	53	34	119	56	84	58	42	28	0	24	71	169	61	40	0	21	95	27	57	56	41	34	31	42	25	27	61	0	0	0	0	0	0	0	0	0	9	0	0	9	0	0	0	0	0	0	0	0	16	222	0	0	0	16	17	17	29	0	0	50
"ASV109"	0	0	0	0	0	0	0	0	0	0	0	0	0	0	0	0	0	0	0	7	12	0	0	0	25	27	25	20	10	12	29	33	17	19	0	103	65	0	0	0	0	0	0	0	0	0	17	102	339	0	0	0	18	0	0	0	0	0	0	0	0	268	53	235	0	0	0	12	0	0	0	0	0	0	0	0	21	139	160	330	0	0	0	0	0	0	0	0	0	0	0	0	0	0	0	0	0	0	0	0	0	8	0	0	0	0	0	0	0	0	0	12	0	0
"ASV110"	0	0	0	0	0	0	0	0	0	0	0	0	0	0	0	0	0	0	0	0	0	0	0	9	83	17	31	0	16	43	30	16	70	60	0	0	0	0	0	0	0	0	0	0	0	0	0	0	0	0	0	0	0	0	0	0	0	0	0	0	0	0	0	0	0	0	0	0	0	0	0	0	0	0	0	0	0	0	0	0	0	0	23	0	0	0	0	0	0	0	16	17	0	48	59	0	70	0	52	0	61	36	37	64	27	25	0	0	25	35	30	18	52	48
"ASV111"	70	0	0	0	0	0	0	0	0	0	23	0	36	13	0	12	49	27	0	0	0	0	0	0	0	0	0	0	0	0	0	0	0	0	0	0	0	0	0	0	0	0	0	0	0	0	0	0	0	0	0	0	0	0	0	0	0	0	0	0	0	0	0	0	0	0	0	0	0	0	0	0	0	0	0	0	0	0	0	0	0	0	0	0	32	25	0	0	0	112	0	0	0	0	0	0	167	0	198	0	0	29	0	0	0	0	0	0	37	29	0	0	0	0
"ASV113"	0	0	0	11	0	0	0	0	0	0	0	0	54	27	8	33	54	81	0	6	0	0	0	0	12	38	0	41	0	0	0	0	0	0	0	18	0	0	0	0	0	0	0	0	0	0	5	14	13	0	0	0	14	0	0	0	0	6	15	0	5	18	0	19	0	0	0	0	0	0	0	0	0	6	15	17	21	24	29	37	0	0	55	0	59	27	40	52	0	27	78	15	0	68	59	0	85	67	85	0	57	45	71	0	62	87	28	70	55	103	0	104	90	115
"ASV114"	0	0	0	0	0	0	0	0	0	0	0	0	0	0	0	0	0	0	108	30	66	75	81	0	0	0	0	0	0	0	0	0	0	0	0	0	0	0	0	0	0	0	0	0	0	0	0	0	0	0	0	0	0	0	0	0	0	0	0	0	0	0	0	0	0	0	0	0	0	0	0	0	0	0	0	0	0	0	29	37	0	0	200	91	201	99	150	135	5	254	155	34	0	0	9	51	99	18	55	0	0	150	0	0	6	44	83	77	191	88	0	66	327	0
"ASV117"	0	0	0	0	0	0	0	0	0	0	0	0	10	24	46	30	121	65	0	0	0	0	0	0	0	0	0	0	0	0	0	0	0	0	0	0	0	0	0	0	0	0	0	0	0	0	0	0	0	0	0	0	0	0	0	0	0	0	0	0	0	0	0	0	0	0	0	0	0	0	0	0	0	0	0	0	0	0	0	0	0	14	14	14	0	10	0	0	11	0	0	7	23	22	17	0	38	27	0	49	21	14	34	20	0	0	26	9	0	0	17	0	27	12
"ASV118"	39	0	12	11	0	0	0	0	0	0	0	0	0	0	11	38	0	7	0	0	0	0	0	0	9	12	0	0	0	0	0	0	0	0	0	0	0	0	0	0	0	0	0	0	0	0	0	0	0	0	0	0	0	0	0	0	0	0	0	0	0	0	0	0	0	0	0	0	0	0	0	0	0	0	0	0	0	0	0	0	0	346	212	27	81	131	62	47	298	213	236	63	85	0	23	0	0	31	0	28	46	0	0	179	26	0	45	0	0	91	76	57	172	85
"ASV119"	0	0	12	11	0	0	0	0	0	0	0	0	0	0	0	0	0	0	0	0	0	0	0	0	0	0	0	0	0	0	0	0	0	0	0	0	0	0	0	0	0	0	0	0	0	0	0	0	0	0	0	0	0	0	0	0	0	0	0	0	0	0	0	0	0	0	0	0	0	0	0	0	0	0	0	0	0	0	0	0	0	0	214	112	52	27	15	33	0	19	9	0	0	10	9	0	17	8	16	0	0	0	0	0	5	100	0	0	27	19	0	23	34	0
"ASV120"	0	0	0	0	0	66	14	43	23	12	0	0	10	5	30	0	41	27	20	0	0	0	18	0	0	0	0	0	0	0	0	0	0	0	0	0	0	0	0	0	0	0	0	0	0	0	0	0	0	0	0	0	0	0	0	0	0	0	0	0	0	0	0	0	0	0	0	0	0	0	0	0	0	0	0	0	0	0	0	0	0	0	117	80	102	49	82	52	0	36	57	0	0	135	210	0	253	81	69	0	47	25	33	0	39	80	12	28	40	90	0	22	76	137
"ASV123"	73	7	0	33	96	0	0	0	0	0	0	0	12	0	0	0	19	0	19	0	0	0	35	0	0	0	0	0	0	0	0	0	0	24	0	0	0	0	0	0	0	0	0	0	0	0	0	0	0	0	0	0	0	0	0	0	0	0	0	0	0	0	0	0	0	0	0	0	0	0	0	0	0	0	0	0	0	0	0	0	0	0	101	63	137	20	189	164	0	21	60	0	0	0	14	31	283	40	272	0	73	19	0	0	35	0	0	48	0	30	0	14	0	38
"ASV127"	0	0	0	0	0	0	0	0	0	0	0	0	0	0	0	0	0	0	0	0	0	0	0	0	0	0	0	0	0	0	0	0	0	0	0	0	0	0	0	0	0	0	0	0	0	0	0	0	0	0	0	0	0	0	0	0	0	0	0	0	0	0	0	0	0	0	0	0	0	0	0	0	0	0	0	0	0	0	0	0	0	481	413	191	117	140	59	40	549	118	62	105	120	0	0	0	0	0	0	0	0	0	0	114	15	99	27	0	40	53	148	0	29	38
"ASV129"	0	0	0	0	0	0	0	0	0	0	0	0	0	0	0	0	0	0	10	10	7	10	0	0	17	20	14	0	44	43	30	8	46	21	0	0	0	0	0	0	0	0	0	0	0	0	0	0	0	0	0	0	0	0	0	0	0	0	0	0	0	0	0	0	0	0	0	0	0	0	0	0	0	0	0	0	0	0	0	0	0	0	183	77	103	39	176	119	0	45	104	41	0	30	43	29	105	92	104	0	65	110	38	0	53	95	32	114	89	126	0	95	180	95
"ASV131"	0	0	0	0	0	53	18	33	48	24	86	49	0	0	0	0	0	0	0	0	0	0	0	0	0	0	0	0	0	0	0	0	0	0	0	0	0	0	0	0	0	0	0	0	0	0	0	0	0	0	0	0	0	0	0	0	0	0	0	0	0	0	0	0	0	0	0	0	0	0	0	0	0	0	0	0	0	0	0	0	0	0	15	0	25	9	0	0	0	0	0	0	0	0	8	21	72	0	19	0	0	0	11	0	16	19	0	0	0	0	0	0	65	24
"ASV133"	0	0	0	8	0	11	0	0	16	0	0	0	18	15	48	36	76	50	0	0	0	0	0	0	0	0	0	0	0	0	0	0	0	0	0	0	0	0	0	0	0	0	0	0	0	0	0	0	0	0	0	0	0	0	0	0	0	0	0	0	0	0	0	0	0	0	0	0	0	0	0	0	0	0	0	0	0	0	0	0	0	26	75	36	17	23	11	16	33	57	18	12	21	26	27	49	96	16	48	26	0	50	63	74	12	211	24	0	17	0	34	0	0	46
"ASV135"	0	0	0	17	43	20	13	32	45	17	67	46	0	0	0	0	0	0	0	0	0	0	0	0	0	0	0	0	0	0	0	0	0	0	0	0	0	0	0	0	0	0	0	0	0	0	0	0	0	0	0	0	0	0	0	0	0	0	0	0	0	0	0	0	0	0	0	0	0	0	0	0	0	0	0	0	0	0	0	0	0	0	142	40	66	41	68	69	0	66	99	42	0	35	40	21	114	43	61	0	48	58	48	0	36	67	0	75	40	57	0	69	118	64
"ASV136"	0	0	0	0	0	0	0	0	0	0	0	0	0	0	0	0	0	0	0	0	0	0	0	0	0	0	0	0	25	39	42	67	60	53	0	0	0	0	0	0	0	0	0	0	0	0	0	0	26	0	0	0	0	0	0	0	0	0	0	0	0	60	19	223	0	0	0	0	0	0	0	0	0	0	0	0	0	0	132	285	0	0	16	10	22	35	0	0	0	37	50	0	0	19	34	0	54	23	53	38	23	17	34	204	0	25	25	0	51	59	54	38	162	11
"ASV139"	0	0	0	0	0	0	0	0	0	0	0	0	0	0	0	0	0	0	15	0	4	0	15	18	69	23	26	13	18	24	10	0	15	13	15	0	0	0	0	0	0	0	0	0	0	0	0	0	0	0	30	126	318	0	0	0	0	0	0	0	0	0	0	0	163	0	36	0	0	0	0	0	0	0	0	0	0	0	0	0	0	36	37	16	30	0	12	0	38	243	73	18	0	0	0	0	0	0	0	0	0	97	0	0	0	0	0	132	0	0	0	0	0	0
"ASV141"	17	17	22	39	16	10	5	41	20	54	0	0	0	0	24	0	0	0	0	0	0	0	0	0	0	0	0	0	0	0	0	0	0	0	0	0	0	0	0	0	0	0	0	0	0	0	0	0	0	0	0	0	0	0	0	0	0	0	0	0	0	0	0	0	0	0	0	0	0	0	0	0	0	0	0	0	0	0	0	0	0	0	231	46	80	45	81	90	10	47	108	25	0	0	17	0	79	71	0	0	0	126	0	26	43	106	39	208	153	148	33	146	294	151
"ASV142"	3	0	0	0	0	0	0	0	0	0	0	8	0	0	0	0	0	0	0	0	0	0	0	0	0	0	0	0	0	0	0	0	0	0	0	0	0	0	0	0	0	0	0	0	0	0	0	0	0	0	0	0	0	0	0	0	0	0	0	0	0	0	0	0	0	0	0	0	0	0	0	0	0	0	0	0	0	0	0	0	0	0	115	69	121	72	51	53	0	18	27	35	0	30	87	38	218	44	44	136	47	23	125	0	9	0	63	25	12	13	0	16	87	13
"ASV143"	0	0	0	0	0	0	19	59	104	81	0	22	0	0	0	0	0	0	0	0	0	0	0	0	0	0	0	0	0	0	0	0	0	0	0	0	0	0	0	0	0	0	0	0	0	0	0	0	0	0	0	0	0	0	0	0	0	0	0	0	0	0	0	0	0	0	0	0	0	0	0	0	0	0	0	0	0	0	0	0	0	0	0	0	0	0	0	0	0	0	0	0	120	0	0	0	369	0	209	147	146	127	139	0	0	0	0	0	0	0	0	0	0	0
"ASV145"	0	0	0	0	0	0	0	0	0	0	0	0	0	0	0	0	0	0	0	0	0	10	0	0	0	0	46	18	0	0	16	0	22	0	0	0	0	0	0	0	0	0	0	0	0	0	0	0	0	0	0	0	0	0	0	0	0	0	0	0	0	0	0	0	0	0	0	0	0	0	0	0	0	0	0	0	0	0	5	0	0	0	0	0	0	0	0	0	0	0	0	0	0	31	17	0	25	40	58	24	21	46	43	21	0	24	2	0	0	6	50	0	0	20
"ASV146"	0	0	0	15	16	0	0	52	30	0	0	42	9	0	0	42	36	33	0	0	0	0	0	0	0	0	0	0	0	0	0	0	0	0	92	18	0	95	87	0	62	103	33	33	75	38	32	40	33	22	48	29	0	52	54	30	30	33	49	38	41	22	26	22	50	90	52	16	183	0	85	45	20	24	35	0	17	0	0	0	37	0	0	0	0	0	0	0	0	0	0	0	0	0	0	0	0	0	0	0	0	0	0	0	0	0	0	0	0	0	0	0	0	0
"ASV149"	0	0	0	0	0	73	11	35	69	15	0	66	0	0	0	0	0	0	0	0	0	0	0	0	0	0	0	0	0	0	0	0	0	0	0	0	0	0	39	0	47	126	7	17	23	42	17	23	47	0	0	0	0	89	67	39	41	15	41	37	27	9	63	0	0	0	0	0	373	42	0	144	32	39	26	27	18	0	0	9	0	0	0	0	0	0	0	0	0	0	0	0	0	0	0	0	0	0	0	0	0	0	0	0	0	0	0	0	0	0	0	0	0	0
"ASV150"	0	0	0	0	0	0	21	33	33	11	38	21	15	10	13	23	12	0	0	0	0	0	0	0	0	0	0	9	0	0	0	0	0	0	9	0	0	0	0	5	0	0	0	0	0	0	0	0	0	4	25	0	0	0	115	74	66	47	193	110	110	124	39	86	0	34	0	0	0	0	0	0	0	0	0	0	0	0	0	0	0	0	0	0	0	0	0	0	0	0	0	0	0	0	0	0	0	0	0	0	0	0	0	0	0	0	0	0	0	0	0	0	0	0
"ASV154"	17	4	7	17	0	0	13	7	14	0	10	30	16	0	0	17	0	25	0	0	8	0	0	0	0	16	0	0	0	0	14	12	11	4	155	95	49	0	0	8	0	0	9	91	102	45	119	132	76	365	0	20	21	0	0	0	0	0	62	40	54	35	0	16	0	46	125	52	0	0	0	0	0	103	51	76	52	91	50	84	24	0	0	0	0	0	0	0	0	29	0	0	0	0	0	0	0	0	0	0	0	0	0	0	0	0	0	0	0	0	0	0	0	0
"ASV155"	0	0	0	11	0	0	6	0	9	0	0	0	51	20	48	63	17	19	0	0	0	0	0	0	0	0	0	0	5	6	0	0	0	0	0	0	0	0	0	0	0	0	0	0	0	0	0	0	0	0	0	0	0	0	0	0	0	0	0	0	0	0	0	0	0	0	0	0	0	0	0	0	0	0	0	0	0	0	0	0	0	0	0	0	0	182	0	0	0	477	736	0	0	0	0	0	0	0	0	0	0	0	0	0	0	0	0	0	0	0	0	803	0	0
"ASV156"	0	0	0	14	0	0	0	0	0	0	0	12	24	13	11	29	98	50	0	0	0	0	0	0	0	0	0	0	0	0	0	0	0	0	11	329	259	0	0	110	0	44	0	39	49	50	27	53	89	413	83	18	48	0	0	0	0	0	0	20	0	0	0	0	155	0	0	0	0	0	0	0	0	0	0	0	0	0	0	0	0	0	0	0	0	0	0	0	0	0	0	0	0	0	0	0	0	0	0	0	0	0	0	0	0	0	0	0	0	0	0	0	0	0
"ASV158"	0	0	0	0	0	6	0	0	0	0	0	0	5	5	9	0	24	24	0	0	0	0	0	0	0	0	0	0	0	0	0	0	0	0	0	17	27	0	0	13	0	18	0	18	12	0	9	9	7	119	29	189	54	0	0	0	0	13	36	67	32	40	13	19	650	0	67	32	0	0	0	11	25	51	24	21	0	6	0	0	17	0	0	0	0	0	0	0	0	0	0	0	0	0	0	0	0	0	0	0	0	0	0	0	0	0	0	0	0	0	0	0	0	0
"ASV159"	0	0	0	0	0	0	0	0	0	0	0	0	0	0	0	0	0	0	3	24	0	3	13	0	0	0	0	0	30	4	7	10	3	149	0	0	0	0	0	0	0	0	0	0	0	0	0	0	0	0	0	0	0	0	0	0	0	0	0	0	0	0	0	0	0	0	0	0	0	0	0	0	0	0	0	0	0	0	0	0	0	6	0	4	0	10	0	0	6	0	0	0	0	45	39	4	18	5	8	0	0	0	21	105	0	11	25	20	13	17	0	2	48	27
"ASV162"	0	0	10	32	0	0	0	0	0	0	0	0	23	14	16	25	51	54	0	0	0	0	0	0	0	0	0	0	0	0	0	10	0	8	0	0	0	0	0	0	0	0	0	0	0	0	0	0	0	0	0	0	0	0	0	0	0	0	0	0	0	0	0	0	0	0	0	0	0	0	0	0	0	0	0	0	0	0	0	0	0	0	272	88	102	34	55	66	0	0	0	69	0	0	0	0	0	0	0	0	0	0	0	0	0	0	0	0	0	0	0	0	0	0
"ASV164"	0	0	0	0	0	96	0	0	0	0	0	16	11	0	0	0	19	0	8	0	0	0	0	0	0	0	0	0	0	0	0	0	0	0	0	0	0	0	0	0	0	0	0	0	0	0	0	0	0	0	0	0	0	0	0	0	0	0	0	0	0	0	0	0	0	0	0	0	0	0	0	0	0	0	0	0	0	0	0	0	0	64	0	0	0	0	0	0	0	0	0	0	0	0	27	0	0	28	0	43	17	19	45	0	0	0	0	0	0	0	0	0	0	0
"ASV167"	11	6	9	0	0	48	11	26	9	0	41	22	12	0	0	0	17	23	0	0	0	0	0	0	0	0	0	0	0	0	0	0	0	0	0	0	0	0	0	0	0	0	0	0	0	0	0	0	0	0	0	0	0	0	0	0	0	0	0	0	0	0	0	0	0	0	0	0	0	0	0	0	0	0	0	0	0	0	0	0	0	0	65	0	72	54	33	38	0	30	12	0	0	0	0	0	26	12	0	0	0	8	0	0	17	93	0	11	36	0	0	0	0	0
"ASV168"	0	0	0	0	0	0	0	0	0	0	0	0	0	0	0	0	0	0	0	16	9	19	22	0	0	0	0	0	25	18	0	0	6	30	0	0	0	0	0	0	0	0	0	0	0	0	0	0	0	0	0	0	0	0	0	0	0	0	0	0	0	0	0	0	0	0	0	0	0	0	0	0	0	0	0	0	0	0	0	19	0	59	45	0	56	0	38	0	26	0	0	34	0	70	56	22	76	65	48	0	52	41	70	160	43	127	70	52	121	79	86	73	88	188
"ASV169"	0	0	0	0	0	0	0	0	0	0	0	0	0	0	0	0	0	0	13	23	14	9	16	0	0	0	0	0	11	56	30	0	35	22	0	0	0	0	0	0	0	0	0	0	0	0	0	0	0	0	0	0	0	0	0	0	0	0	0	0	0	0	0	0	0	0	0	0	0	0	0	0	0	0	0	0	0	0	0	0	0	0	16	10	16	11	23	6	0	17	37	0	0	10	11	38	64	22	0	0	14	51	0	86	22	628	100	153	144	38	44	33	103	87
"ASV170"	0	0	0	11	0	18	11	21	33	0	19	60	14	0	0	11	14	0	0	0	0	0	0	0	0	0	0	0	0	0	0	0	0	0	0	0	0	0	0	0	0	0	0	0	0	0	0	0	0	0	0	294	156	0	0	0	0	0	0	0	0	0	0	0	336	0	0	0	0	0	0	0	0	0	0	0	0	0	0	0	0	0	0	0	0	0	0	0	0	0	0	0	0	0	0	0	0	0	0	24	0	0	0	386	0	58	0	100	92	0	100	0	151	68
"ASV171"	0	0	0	0	0	0	0	0	0	0	0	0	0	0	0	0	0	0	0	0	0	0	0	0	0	0	0	0	0	0	0	0	0	0	0	0	0	0	0	0	0	0	0	0	0	0	0	0	0	0	0	0	0	0	830	141	68	36	95	77	77	101	0	65	0	0	0	0	0	32	0	32	16	24	35	24	34	14	0	29	0	0	0	0	0	0	0	0	0	0	0	0	0	0	0	0	0	0	0	0	0	0	0	0	0	0	0	0	0	0	0	0	0	0
"ASV172"	0	0	0	0	0	0	0	0	0	0	0	0	0	0	0	0	0	0	54	32	35	27	47	0	0	0	0	0	0	0	32	0	0	0	11	4	0	0	0	0	0	0	0	17	37	10	12	17	0	0	62	0	0	0	37	39	36	17	63	56	25	36	0	19	9	26	0	0	0	0	11	14	62	60	144	46	30	30	48	66	0	0	0	0	0	0	0	0	0	0	0	0	0	0	0	0	0	0	0	0	0	0	0	0	0	0	0	0	0	0	0	0	0	0
"ASV175"	0	0	0	0	0	0	0	0	0	0	0	0	0	0	31	8	18	14	19	0	0	7	11	11	28	0	14	6	11	5	0	9	0	0	0	0	0	0	0	0	0	0	0	0	0	0	0	0	18	0	0	0	0	0	0	0	0	0	0	0	0	0	0	17	0	0	0	0	0	0	0	0	0	0	10	0	18	33	41	86	0	0	13	0	0	22	17	0	0	0	28	0	0	94	160	48	140	101	134	17	130	55	86	27	25	38	29	35	24	52	20	28	60	81
"ASV179"	0	0	0	0	0	0	0	0	0	0	0	0	0	0	0	0	0	0	0	0	0	0	0	0	0	0	0	0	0	0	0	0	0	0	0	0	0	0	0	0	0	0	0	0	0	0	0	0	0	0	0	0	0	0	0	0	0	0	0	0	0	0	0	0	0	0	0	0	0	0	0	0	0	0	0	0	0	0	0	0	0	0	17	19	10	10	0	0	12	43	23	11	0	0	0	0	0	0	0	0	0	0	0	105	0	0	17	12	25	0	89	19	111	10
"ASV181"	0	0	0	0	0	0	0	0	0	0	0	0	20	30	25	11	29	42	0	0	0	0	0	0	0	0	0	0	0	0	0	0	0	0	0	0	0	0	0	0	0	0	0	0	0	0	0	0	0	0	0	0	0	0	0	0	0	0	0	0	0	0	0	0	0	0	0	0	0	0	0	0	0	0	0	0	0	0	0	0	0	0	6	0	0	0	0	0	0	0	31	0	8	27	0	136	647	0	405	159	0	124	0	5	0	0	0	0	0	0	0	0	0	0
"ASV184"	0	0	0	0	0	0	0	0	0	0	0	0	0	0	0	0	0	0	0	0	0	0	0	0	0	0	0	0	0	0	0	0	0	0	0	14	64	0	0	0	0	0	0	0	15	30	40	46	31	197	0	78	149	0	0	0	0	11	191	260	237	85	58	33	31	0	0	0	0	0	0	0	0	53	0	0	0	10	0	0	0	0	0	0	0	0	0	0	0	0	0	0	0	0	0	0	0	0	0	0	0	0	0	0	0	0	24	0	0	0	0	11	22	0
"ASV190"	0	0	0	0	0	0	0	0	0	0	0	0	0	0	0	0	0	0	31	12	39	36	41	0	0	0	15	0	0	6	0	0	0	0	0	0	0	0	0	0	0	0	0	0	0	0	0	0	0	0	0	0	0	0	0	0	0	0	0	0	0	0	0	0	0	0	0	0	0	0	0	0	0	0	0	0	0	0	0	0	0	0	0	0	0	0	0	0	0	0	0	0	0	17	37	9	39	14	15	0	0	25	67	46	0	33	8	0	12	0	37	0	0	25
"ASV195"	4	0	0	0	0	0	0	0	0	0	0	0	0	0	0	0	0	0	0	0	0	0	0	0	0	0	0	0	0	0	0	0	0	0	0	0	0	0	0	0	0	0	0	0	0	0	0	0	0	0	0	0	0	0	0	0	0	0	0	0	0	0	0	0	0	0	0	5	0	0	0	0	0	0	0	0	0	0	0	0	0	0	9	0	6	0	0	0	0	0	0	0	0	10	13	0	18	0	0	0	0	0	9	0	0	24	0	0	0	0	0	0	0	0
"ASV197"	0	0	0	0	0	0	0	0	0	0	0	0	0	0	0	0	0	0	0	0	0	0	0	0	0	0	0	0	17	6	0	0	4	0	0	0	0	0	0	0	0	0	0	0	0	0	0	0	0	0	0	0	0	0	0	0	0	0	0	0	0	0	0	0	0	0	0	0	0	0	0	0	0	0	0	0	0	0	0	19	0	0	78	0	50	47	0	25	27	0	42	34	0	0	0	0	0	0	0	0	0	0	0	0	0	0	0	0	0	0	0	0	0	0
"ASV201"	0	0	0	0	0	0	0	0	0	0	0	0	0	0	0	0	0	0	10	0	0	0	36	0	0	0	7	16	12	0	0	0	0	0	0	0	0	0	0	0	0	0	0	0	0	0	0	0	0	0	0	0	0	0	0	0	0	0	0	0	0	0	0	0	0	0	0	0	0	0	0	0	0	0	0	0	0	0	0	0	0	0	12	7	7	20	0	0	2	0	0	0	42	12	15	0	8	37	0	10	0	18	21	7	0	0	0	0	4	0	5	0	19	2
"ASV202"	0	0	0	0	0	0	0	0	0	0	0	0	0	0	0	0	0	0	0	0	0	0	0	0	0	0	0	0	0	0	0	0	0	0	0	0	0	0	0	0	0	0	0	0	0	0	0	0	0	0	0	0	0	0	0	0	0	0	0	0	0	0	0	0	0	0	0	0	0	0	0	0	0	0	0	0	0	0	0	0	0	15	14	25	49	0	21	0	0	0	0	0	406	28	49	0	44	40	33	154	0	28	80	45	13	32	26	0	37	30	39	0	36	16
"ASV203"	0	0	0	0	0	0	0	0	0	0	0	0	0	0	0	0	0	0	0	0	0	0	0	0	0	0	0	0	0	0	0	0	0	0	0	0	0	0	0	0	0	0	0	0	0	0	0	0	0	0	20	9	0	0	0	0	0	0	0	0	0	0	0	0	14	0	0	0	0	0	0	0	0	0	0	0	0	0	0	0	0	9	0	0	0	0	0	0	24	0	0	11	36	14	19	11	0	11	6	56	0	0	40	23	0	106	0	0	0	0	0	0	0	0
"ASV204"	0	0	0	0	0	0	0	0	0	0	0	0	0	0	0	0	0	0	0	0	0	0	0	0	9	35	0	0	27	13	22	0	23	45	0	0	0	0	0	0	0	0	0	29	65	79	105	276	266	0	0	62	111	0	0	0	0	0	0	0	20	39	17	29	92	0	0	0	0	0	0	0	0	0	0	0	0	0	0	0	0	0	0	0	0	0	0	0	0	0	0	0	0	0	0	0	0	0	0	0	0	0	0	0	0	0	0	0	0	0	0	0	0	0
"ASV209"	0	0	0	0	0	0	0	0	0	0	0	0	0	0	0	0	0	0	0	0	0	0	0	0	0	0	0	0	0	0	0	0	0	0	0	0	0	0	0	0	0	0	0	0	0	0	0	0	0	0	0	0	0	0	0	0	0	0	0	0	0	0	0	0	0	0	0	0	0	0	0	0	0	0	0	0	0	0	0	0	0	0	0	0	3	0	0	0	0	0	0	0	62	0	0	0	0	0	0	0	0	0	0	0	0	0	0	0	0	20	0	16	78	0
"ASV210"	0	0	0	0	0	47	10	19	20	7	0	10	10	0	5	11	14	10	0	0	0	0	0	0	0	0	0	0	0	0	0	0	0	0	0	0	0	0	0	0	0	0	0	0	0	0	0	0	0	0	0	0	0	0	0	0	0	0	0	0	0	0	0	0	0	0	0	0	0	0	0	0	0	0	0	0	0	0	0	0	0	0	0	0	0	0	0	0	0	29	4	0	0	0	0	0	19	0	17	0	0	0	0	0	0	8	0	6	0	0	0	0	0	0
"ASV211"	0	0	0	0	0	0	0	0	0	0	0	0	21	8	14	27	12	30	0	0	0	0	0	0	0	0	0	0	13	14	8	0	13	0	0	0	0	0	0	0	0	0	0	0	0	0	0	0	0	0	0	0	0	0	0	0	0	0	0	0	0	0	0	0	0	0	0	0	0	0	0	0	0	0	0	0	0	0	0	0	0	39	20	0	0	39	0	0	28	134	59	0	170	69	50	19	57	68	50	86	36	78	106	116	0	24	17	35	19	0	0	0	29	16
"ASV212"	0	0	0	5	0	47	0	29	8	0	5	0	0	15	0	12	0	0	0	7	0	0	0	0	0	0	0	0	0	0	0	0	0	0	0	0	0	0	0	0	0	0	0	0	0	0	0	0	0	0	0	0	0	0	0	0	0	0	0	0	0	0	0	0	0	0	0	0	0	0	0	0	0	0	0	0	0	0	0	0	0	41	27	0	14	0	17	0	34	0	16	10	0	0	0	0	0	0	0	0	0	0	0	223	18	44	0	26	17	13	110	4	0	45
"ASV213"	0	0	0	3	0	0	0	0	0	0	0	0	30	15	8	22	35	13	2	0	0	0	0	0	4	7	2	3	6	0	3	6	3	0	0	0	0	0	8	0	8	0	0	13	9	0	0	0	12	0	0	0	0	0	0	0	0	0	0	0	0	0	0	0	0	0	0	0	12	4	0	7	0	0	0	0	0	0	0	0	0	0	0	0	0	0	0	0	0	0	0	0	0	0	0	0	0	0	0	0	0	0	0	0	0	0	0	0	0	0	0	0	0	0
"ASV214"	0	0	0	0	0	0	0	0	0	0	0	0	6	6	7	13	25	25	0	0	0	0	0	0	0	0	0	0	0	0	0	0	0	0	0	0	0	0	0	0	0	0	0	0	0	0	0	0	0	0	0	0	0	0	0	0	0	0	0	0	0	0	0	0	0	0	0	0	0	0	0	0	0	0	0	0	0	0	0	0	0	0	0	0	0	0	0	0	0	0	0	0	0	41	5	49	35	0	50	0	0	194	0	0	0	0	32	31	55	4	0	0	0	0
"ASV217"	0	0	0	0	0	0	0	0	0	0	0	0	0	0	0	0	0	0	0	0	0	0	0	0	0	0	0	0	0	0	39	11	40	51	0	0	0	48	24	0	0	0	0	0	0	0	0	0	0	0	0	0	0	99	208	0	0	0	0	0	0	0	0	0	0	0	0	0	383	62	0	64	0	0	0	0	0	0	0	0	0	0	0	0	0	0	0	0	0	0	0	0	0	0	0	0	0	0	0	0	0	0	0	0	0	0	0	0	0	0	0	0	0	0
"ASV221"	0	0	0	0	0	0	0	0	0	0	0	0	0	0	0	0	0	0	0	0	0	0	0	0	0	0	0	0	0	0	0	0	0	0	0	0	0	0	0	0	0	0	0	0	0	59	12	24	0	0	15	189	88	0	0	0	0	0	28	0	17	19	30	10	178	0	0	0	0	0	0	0	0	16	24	13	0	0	0	37	0	0	0	0	0	0	0	0	0	0	0	0	0	0	0	0	0	0	0	0	0	0	0	0	0	0	0	0	0	0	0	0	0	0
"ASV222"	0	0	0	0	0	0	0	0	0	0	0	0	0	0	0	0	0	0	0	0	0	0	0	0	0	0	0	0	0	0	0	0	0	0	0	0	0	0	0	0	0	0	0	0	0	0	0	0	0	0	0	0	0	0	0	0	0	0	0	0	0	0	0	0	0	0	0	0	0	0	0	0	0	0	0	0	0	0	0	0	0	0	0	0	0	0	0	0	0	0	0	0	0	0	0	0	0	0	0	0	0	0	0	0	40	45	0	0	0	14	0	18	11	32
"ASV227"	0	0	0	0	0	30	9	47	32	0	0	25	0	0	0	0	0	0	0	0	0	0	0	0	0	0	0	0	0	0	0	0	0	0	0	0	0	0	0	0	0	0	0	0	0	0	0	0	0	0	0	0	0	0	0	0	0	0	0	0	0	0	0	0	0	0	0	0	0	0	0	0	0	0	0	0	0	0	0	0	0	0	18	0	19	10	0	22	0	23	37	0	0	0	0	22	84	0	33	0	23	119	0	0	22	208	112	47	72	62	0	57	111	22
"ASV228"	0	0	0	0	0	0	0	0	0	0	0	0	0	0	0	0	0	0	13	10	8	20	26	0	0	0	0	0	0	22	0	0	0	30	0	0	0	0	0	0	0	0	0	0	0	0	0	0	0	0	0	0	0	0	0	0	0	0	0	0	0	0	0	0	0	0	0	0	0	0	0	0	0	0	0	0	0	0	0	0	0	37	95	51	28	0	0	0	36	0	0	53	0	0	0	15	14	0	0	0	0	15	0	0	0	0	0	0	0	0	0	0	0	0
"ASV231"	0	0	0	4	0	0	0	0	0	0	0	0	0	0	0	0	0	0	0	0	0	0	0	37	10	0	14	0	8	11	11	0	16	17	0	0	0	0	0	0	0	0	0	0	0	0	0	0	0	0	0	0	0	0	0	0	0	0	0	0	0	0	0	0	0	0	0	0	0	0	0	0	0	0	0	0	0	0	0	0	0	0	52	13	0	0	0	0	54	27	0	0	0	67	0	102	86	69	92	0	0	82	95	0	0	141	31	18	32	0	0	0	35	0
"ASV232"	0	0	0	0	0	0	0	0	0	0	0	0	0	0	0	0	0	0	0	8	0	0	0	0	0	5	4	2	0	0	17	40	63	0	0	0	0	0	0	0	0	0	0	0	0	0	0	0	0	0	0	0	0	0	0	0	0	0	0	0	0	0	0	0	0	0	0	0	0	0	0	0	0	0	0	0	0	0	0	0	0	135	227	113	122	33	59	57	302	0	0	159	0	0	0	0	0	0	0	0	0	0	0	0	0	0	0	0	0	0	0	0	0	0
"ASV234"	0	0	0	0	0	0	0	0	0	0	0	0	0	0	0	0	0	0	8	12	9	0	0	0	16	19	13	3	0	11	8	3	22	0	4	0	0	0	0	0	0	0	0	0	0	0	0	0	0	0	11	9	4	0	0	0	0	0	0	0	0	0	0	0	9	0	0	0	0	0	0	0	0	0	0	0	0	0	0	0	0	0	22	6	0	28	0	0	6	13	11	0	284	41	43	2	34	84	25	92	0	77	45	36	0	12	0	0	18	17	19	0	45	16
"ASV237"	0	15	0	10	0	25	0	18	23	0	14	18	0	0	0	0	0	10	0	0	0	0	0	0	0	0	0	0	0	0	0	0	0	0	0	0	0	0	0	0	0	0	0	0	0	0	0	0	0	0	0	0	0	0	0	0	0	0	0	0	0	0	0	0	0	0	0	0	0	0	0	0	0	0	0	0	0	0	0	0	0	0	0	0	0	0	0	0	0	0	0	0	0	41	32	0	38	38	23	0	0	0	53	0	0	0	0	0	0	0	0	0	0	0
"ASV238"	26	0	5	26	6	9	0	0	0	0	5	4	0	7	0	5	11	7	0	0	0	0	8	0	0	0	0	0	0	3	0	0	0	4	0	0	0	0	0	0	0	0	0	0	0	0	0	0	0	0	0	0	0	0	0	0	0	0	0	0	0	0	0	0	0	0	0	0	0	0	0	0	0	0	0	0	0	0	0	0	0	31	13	0	0	0	0	0	17	0	0	0	31	21	0	0	17	7	9	32	0	15	44	33	0	0	0	4	11	0	0	0	0	13
"ASV240"	0	0	0	0	0	0	0	0	0	0	0	0	0	0	0	0	0	0	0	0	0	0	0	19	46	15	24	0	0	0	0	12	0	0	0	46	14	0	0	15	0	70	51	88	77	45	41	95	67	70	0	29	25	0	0	0	18	27	63	63	49	45	15	19	62	0	0	11	0	0	0	0	0	0	0	0	0	0	0	0	0	0	0	0	0	0	0	0	0	0	0	0	0	0	0	0	0	0	0	0	0	0	0	0	0	0	0	0	0	0	0	0	0	0
"ASV241"	0	0	0	0	0	0	0	0	0	0	0	0	0	0	0	0	0	0	0	0	0	0	0	0	22	0	25	21	0	35	0	16	0	0	0	23	0	0	0	0	0	0	0	0	0	0	0	0	0	21	0	0	0	0	123	158	49	25	101	127	59	172	47	60	0	0	0	0	0	0	0	0	0	0	0	0	0	0	5	0	0	0	0	0	0	0	0	0	0	0	0	0	0	0	0	0	0	0	0	0	0	0	0	0	0	0	0	0	0	0	0	0	0	0
"ASV245"	0	0	0	0	0	0	0	0	0	0	0	0	0	0	0	0	0	0	0	0	0	0	0	0	0	0	0	0	0	0	0	0	0	0	0	0	0	0	0	0	0	0	0	0	0	0	37	36	95	0	0	0	0	0	0	0	0	0	0	7	16	28	8	10	0	0	0	0	0	0	0	0	0	0	0	24	50	54	39	74	0	0	0	0	0	0	0	0	0	0	0	0	0	0	0	0	0	0	0	0	0	0	0	0	0	0	0	0	0	0	0	0	0	0
"ASV248"	0	0	0	0	0	0	0	0	0	0	0	0	0	0	0	0	0	0	31	0	19	0	59	0	0	0	0	0	0	0	0	0	0	0	0	0	0	0	0	0	0	0	0	0	0	0	0	0	0	0	0	0	0	0	0	0	0	0	0	0	0	0	0	0	0	0	0	0	0	0	0	0	0	0	0	0	0	0	0	0	0	0	0	0	63	32	7	14	0	32	18	0	0	0	0	0	0	0	0	0	0	0	0	0	0	0	0	0	0	0	0	0	0	0
"ASV249"	0	0	0	0	0	0	0	0	0	0	0	0	0	0	0	0	0	0	0	2	10	4	0	0	3	4	0	2	32	14	8	0	23	7	0	0	0	44	60	0	17	0	0	0	0	0	0	0	0	0	0	0	0	99	79	23	0	0	0	14	0	0	18	5	0	0	0	0	258	42	0	82	0	0	0	0	0	0	0	0	0	0	0	0	0	0	0	0	0	0	0	0	0	0	0	0	0	0	0	0	0	0	0	0	0	0	0	0	0	0	0	0	0	0
"ASV251"	13	0	5	13	19	0	0	20	0	16	0	5	0	0	7	0	0	12	0	0	0	0	0	0	0	0	0	0	0	0	0	0	0	0	0	0	0	0	0	0	0	0	0	0	0	0	0	0	0	0	0	0	0	0	0	0	0	0	0	0	0	0	0	0	0	0	0	0	0	0	0	0	0	0	0	0	0	0	0	0	0	0	0	0	0	0	0	0	0	0	0	0	0	0	10	18	82	44	33	0	14	24	0	0	0	0	0	0	0	0	0	0	0	0
"ASV262"	0	0	0	0	0	8	0	9	0	0	78	15	0	0	0	0	0	0	0	0	0	0	0	0	0	0	0	0	0	0	0	0	0	0	0	0	0	0	0	0	0	0	0	0	6	0	0	0	0	0	0	0	0	0	0	17	41	6	32	24	0	0	0	0	0	0	10	0	0	0	0	0	0	16	0	0	0	0	0	0	0	0	0	0	0	0	0	0	0	0	0	0	0	0	0	0	0	0	0	0	0	0	0	0	0	0	0	0	0	0	0	0	0	0
"ASV263"	0	0	0	0	0	0	0	0	0	0	0	0	0	0	0	0	0	0	0	0	15	32	47	0	0	0	0	0	0	0	0	0	0	0	0	0	0	0	0	0	0	0	0	0	0	0	0	0	0	0	0	0	0	0	0	0	0	0	0	0	0	0	0	0	0	0	0	0	0	0	0	0	0	0	0	0	0	0	0	0	0	0	69	10	31	19	11	0	12	40	31	15	0	43	74	0	61	64	44	0	24	186	41	0	0	0	13	8	16	0	0	29	46	0
"ASV264"	0	0	0	0	0	30	0	10	8	6	0	0	0	0	0	0	0	0	0	0	0	0	0	0	0	0	0	0	0	0	0	0	0	0	0	0	0	0	0	0	0	0	0	0	0	0	0	0	0	0	0	0	0	0	0	0	0	0	0	0	0	0	0	0	0	0	0	0	0	0	0	0	0	0	0	0	0	0	0	0	0	63	24	9	15	12	0	0	23	10	19	0	59	50	26	6	21	26	19	72	0	31	52	128	21	38	11	13	22	18	36	0	0	56
"ASV265"	0	0	0	0	0	18	0	13	17	0	41	20	0	0	0	0	0	0	0	0	0	0	0	0	0	0	0	0	0	0	0	0	0	0	0	0	0	0	0	0	0	0	0	0	0	0	0	0	0	0	0	0	0	0	0	0	0	0	0	0	0	0	0	0	0	0	0	0	0	0	0	0	0	0	0	0	0	0	0	0	0	13	33	26	20	0	6	0	14	0	3	6	52	28	25	8	70	26	21	58	19	9	45	7	0	0	0	0	0	0	12	7	32	7
"ASV268"	49	0	5	20	0	0	0	0	0	0	0	0	0	0	0	0	0	0	0	0	0	0	0	0	0	0	0	0	0	0	0	0	0	0	0	0	0	0	0	0	0	0	0	0	0	0	0	0	0	0	0	0	0	0	0	0	0	0	0	0	0	0	0	0	0	0	0	0	0	0	0	0	0	0	0	0	0	0	0	30	0	0	0	0	0	0	0	16	0	0	36	0	0	0	0	0	27	0	0	0	0	16	0	30	0	48	0	0	32	42	0	73	24	47
"ASV271"	0	0	0	0	0	0	0	0	0	0	0	0	0	0	48	0	0	41	0	0	0	0	0	0	0	0	0	0	0	0	0	0	0	0	0	0	0	0	0	0	0	0	0	0	0	0	0	0	0	0	0	0	0	0	0	0	0	0	0	0	0	0	0	0	0	0	0	0	0	0	0	0	0	0	0	0	0	0	0	0	0	41	22	0	0	24	0	0	51	0	0	9	0	0	0	0	0	0	0	0	0	0	0	0	0	28	0	0	0	39	51	22	0	10
"ASV275"	10	0	0	9	11	0	0	0	0	0	0	0	0	10	12	0	19	9	0	0	0	0	0	0	0	0	0	0	0	0	0	0	0	0	0	0	0	141	59	0	29	58	7	23	20	20	0	0	15	0	0	0	0	23	0	20	0	0	0	69	17	44	26	0	0	0	0	0	10	0	0	0	12	0	21	8	0	0	0	0	0	0	0	0	0	0	0	0	0	0	0	0	0	0	0	0	0	0	0	0	0	0	0	0	0	0	0	0	0	0	0	0	0	0
"ASV277"	0	0	0	0	0	25	4	6	17	0	37	12	0	0	0	0	0	0	0	0	0	0	0	0	0	0	0	0	0	0	0	0	0	0	0	0	0	0	0	0	0	0	0	9	0	0	11	34	49	0	0	0	0	0	0	0	0	0	0	0	0	0	0	0	0	0	0	0	0	0	0	0	0	0	0	0	0	0	0	0	0	0	0	0	0	0	0	0	0	101	106	0	0	13	0	0	48	0	41	0	0	29	72	92	0	73	0	0	93	0	0	0	0	0
"ASV280"	0	0	0	0	0	0	0	0	0	0	0	0	0	0	0	0	0	0	0	0	0	0	0	0	12	12	14	0	0	0	0	13	0	0	0	0	0	0	0	0	0	0	0	0	0	0	0	0	0	0	0	0	0	0	0	0	0	0	0	0	0	0	0	0	0	0	0	0	0	0	0	0	0	0	0	0	0	0	0	0	0	0	0	0	0	0	0	0	0	16	14	11	0	10	17	0	0	0	0	0	0	0	42	0	0	31	17	0	13	0	0	0	6	29
"ASV285"	87	0	0	0	5	0	0	0	0	0	0	0	0	0	0	0	0	0	0	0	0	0	0	0	0	0	0	0	0	0	0	0	0	0	0	0	0	0	0	0	0	0	0	0	0	0	0	0	0	0	0	0	0	0	0	0	0	0	0	0	0	0	0	0	0	0	0	0	0	0	0	0	0	0	0	0	0	0	0	0	0	0	0	0	0	0	20	11	0	0	0	0	0	0	0	0	0	0	7	0	10	0	0	0	0	0	0	0	6	7	0	0	0	0
"ASV289"	0	0	10	14	0	0	0	0	0	0	0	0	0	11	9	0	26	23	0	0	0	0	0	0	0	0	0	0	0	0	0	0	0	0	0	0	0	0	0	0	0	0	0	0	0	0	0	0	0	0	0	0	0	0	0	0	0	0	0	0	0	0	0	0	0	0	0	0	0	0	0	0	0	0	0	0	0	0	0	0	0	0	37	0	0	15	20	0	0	0	0	0	0	32	31	9	38	28	29	0	0	0	44	0	0	0	14	0	0	0	0	0	80	44
"ASV291"	0	0	0	0	0	0	0	0	0	0	0	0	26	0	0	0	20	7	0	0	0	0	0	0	0	0	0	0	0	0	0	0	0	0	0	0	0	0	0	0	0	0	0	0	0	0	0	0	0	0	0	0	0	0	0	0	0	0	0	0	0	0	0	0	0	0	0	0	0	0	0	0	0	0	0	0	0	0	0	0	0	0	14	0	23	23	0	7	0	33	23	0	0	0	0	0	50	2	13	0	0	31	0	0	0	0	0	0	0	6	0	13	10	0
"ASV292"	0	0	0	0	0	0	0	0	0	0	0	0	0	0	0	0	0	0	0	0	13	0	0	0	0	10	8	0	0	0	0	6	10	0	0	0	0	0	0	0	0	0	0	0	0	0	0	0	0	0	0	0	0	0	0	0	0	0	0	0	0	0	0	0	0	0	0	0	0	0	0	0	0	0	0	0	0	0	0	0	0	0	174	80	99	10	100	100	0	0	0	0	0	0	0	0	0	0	0	0	0	0	0	0	0	0	0	0	0	0	0	0	0	0
"ASV293"	0	0	0	0	0	0	0	0	0	0	0	0	0	0	0	0	0	0	0	0	0	0	0	0	0	0	0	0	25	12	11	11	18	7	0	0	0	0	0	0	0	0	15	43	27	10	0	0	7	0	18	71	33	0	0	0	8	0	27	8	0	0	7	0	257	21	84	14	0	0	0	0	0	0	0	0	0	0	0	0	0	0	0	0	0	0	0	0	0	0	0	0	0	0	0	0	0	0	0	0	0	0	0	0	0	0	0	0	0	0	0	0	0	0
"ASV295"	36	0	0	12	13	0	0	0	0	0	0	0	0	0	0	0	0	0	0	0	0	0	0	0	0	0	0	0	0	9	9	0	0	0	0	0	0	0	0	0	0	0	0	0	0	0	0	0	0	0	0	0	0	0	0	0	0	0	0	0	0	0	0	0	0	0	0	0	0	0	0	0	0	0	0	0	0	0	0	0	0	0	0	0	0	0	0	0	0	0	0	0	33	37	41	0	0	74	0	0	0	41	44	125	0	37	0	0	79	31	44	0	97	39
"ASV296"	0	0	0	0	0	0	0	0	0	0	0	0	0	0	0	0	0	7	0	0	0	0	0	0	0	0	0	0	0	0	0	0	0	0	0	0	0	0	0	0	0	0	0	0	0	0	0	0	0	0	0	0	0	0	0	0	0	0	0	0	0	0	0	0	0	0	0	0	0	0	0	0	0	0	0	0	0	0	0	0	0	0	37	11	20	11	16	0	0	7	16	0	0	17	16	3	14	22	20	0	25	15	0	6	24	32	0	38	24	34	15	0	16	54
"ASV298"	0	0	0	0	0	0	0	0	0	0	0	0	0	0	0	0	0	0	0	0	0	0	0	0	0	0	0	0	0	0	0	0	0	0	0	0	0	0	0	0	0	0	0	0	0	0	0	0	0	0	0	0	0	0	0	0	0	0	0	0	0	0	0	0	0	0	0	0	0	0	0	0	0	0	0	0	0	0	0	0	0	32	34	13	23	0	0	17	47	12	46	37	0	0	0	0	0	0	0	0	0	0	0	81	41	39	0	17	24	34	13	17	0	66
"ASV299"	0	0	0	0	0	0	0	0	0	0	0	0	0	0	0	0	0	0	0	0	0	5	21	11	0	6	0	0	10	0	9	0	9	17	0	0	0	0	0	0	0	0	0	0	0	0	0	0	0	0	0	0	0	0	0	0	0	0	0	0	0	0	0	0	0	0	0	0	0	0	0	0	0	0	0	0	0	0	0	0	0	0	0	0	0	0	0	0	0	16	0	0	0	0	0	0	0	0	0	0	0	23	0	0	0	0	0	0	79	18	0	0	59	0
"ASV300"	0	0	0	0	0	0	0	0	0	0	0	0	0	0	0	0	0	0	0	0	0	0	0	0	0	11	0	0	29	29	0	6	13	0	0	0	0	0	0	0	0	0	0	0	0	0	0	0	0	0	0	0	0	0	0	0	0	0	0	0	0	0	0	0	0	0	0	0	0	0	0	0	0	0	0	0	0	0	0	0	0	0	0	0	0	11	0	0	0	26	0	0	0	0	0	0	207	0	155	0	0	54	0	0	0	0	0	23	72	24	0	39	72	0
"ASV303"	0	0	0	0	0	0	0	0	0	0	0	0	0	0	0	0	0	0	0	0	0	0	5	4	0	0	0	2	0	5	4	0	0	4	0	0	0	0	0	0	0	0	0	0	0	0	0	0	0	0	0	0	0	0	0	0	0	0	0	0	0	0	0	0	0	0	0	0	0	0	0	0	0	0	0	0	0	0	0	0	0	35	91	12	37	37	75	50	74	137	68	61	0	0	0	0	0	0	0	0	0	0	0	0	0	0	0	0	0	0	0	0	0	0
"ASV305"	0	0	0	0	0	0	0	0	0	0	0	0	0	0	0	0	0	0	0	0	0	0	0	0	0	0	0	0	0	0	0	18	46	23	0	0	0	0	0	0	0	0	0	0	0	0	0	0	0	0	0	0	0	0	0	0	0	0	0	0	0	0	0	0	0	0	0	0	0	0	0	0	0	0	0	0	0	0	0	0	0	0	0	0	0	8	0	0	0	0	0	0	0	0	7	11	27	29	34	0	0	7	6	0	2	0	0	0	0	0	13	0	6	0
"ASV307"	0	0	0	0	0	0	0	0	0	0	0	0	0	0	0	0	0	0	0	11	0	0	6	0	0	7	0	0	0	15	0	6	25	0	0	0	0	0	0	0	0	0	0	0	18	0	6	18	22	0	0	0	0	0	0	0	0	0	0	0	0	0	0	0	0	0	0	0	0	0	0	0	30	47	83	38	55	33	29	81	0	0	0	0	0	0	0	0	0	0	0	0	0	0	0	0	0	0	0	0	0	0	0	0	0	0	0	0	0	0	0	0	0	0
"ASV312"	0	0	0	0	0	0	0	0	0	0	0	0	0	0	0	0	0	0	0	0	0	0	0	0	0	0	0	0	33	0	15	0	18	15	0	0	20	0	0	0	17	37	0	16	17	0	11	6	12	11	0	0	0	11	0	0	150	14	68	64	40	7	0	0	0	0	0	0	0	6	0	0	41	20	0	0	0	0	0	0	0	0	0	0	0	0	0	0	0	0	0	0	0	0	0	0	0	0	0	0	0	0	0	0	0	0	0	0	0	0	0	0	0	0
"ASV314"	0	0	0	0	0	0	0	0	0	0	0	0	0	0	0	0	0	0	0	0	0	20	0	0	0	0	0	0	0	0	21	0	0	39	0	0	0	0	0	0	0	0	0	0	0	0	0	0	0	0	0	0	0	0	0	0	0	0	0	0	0	0	0	0	0	0	0	0	0	0	0	0	0	0	0	0	0	0	0	0	0	0	0	0	0	0	0	0	0	0	0	0	0	71	73	0	50	103	43	0	48	43	34	0	0	0	0	0	0	0	0	0	0	0
"ASV315"	0	0	0	0	0	0	0	0	0	0	0	0	0	0	0	0	0	0	0	0	0	0	0	11	0	0	0	0	22	17	4	0	12	12	0	0	0	0	0	0	0	0	0	0	0	0	0	0	0	0	0	0	0	0	0	0	0	0	0	0	0	0	0	0	0	0	0	0	0	0	0	0	0	0	0	0	0	0	0	0	0	46	44	0	0	0	0	0	0	0	0	10	59	0	0	0	0	0	0	25	0	0	51	0	21	0	52	56	24	35	44	0	54	33
"ASV316"	0	0	0	0	0	0	0	0	0	0	0	0	0	0	0	0	0	0	0	0	0	0	0	0	0	0	0	0	46	0	0	19	15	0	0	0	0	0	0	0	0	0	0	0	0	0	0	0	0	0	0	0	0	0	0	0	0	0	0	0	0	0	0	0	0	0	0	0	0	0	0	0	0	0	0	0	0	0	0	0	0	0	0	0	0	0	0	0	0	0	0	0	92	76	65	0	33	57	23	29	35	0	195	0	0	0	0	0	0	0	0	0	0	0
"ASV317"	0	0	0	21	0	0	0	0	0	0	8	13	0	0	20	0	0	9	0	0	0	0	0	0	0	0	0	0	0	0	0	0	0	0	0	0	0	0	0	0	0	0	0	0	0	0	0	0	0	0	0	0	0	0	0	0	0	0	0	0	0	0	0	0	0	0	0	0	0	0	0	0	0	0	0	0	0	0	0	0	0	0	0	0	0	0	0	0	13	0	0	0	0	10	9	4	19	0	9	7	0	0	6	0	0	0	0	0	0	0	13	0	0	0
"ASV318"	0	0	0	0	0	12	0	11	9	10	14	23	0	0	0	0	0	0	0	0	0	0	0	0	0	0	0	0	0	0	0	0	0	0	0	0	0	0	0	0	0	0	0	0	0	0	0	0	0	0	0	0	0	0	0	0	0	0	0	0	0	0	0	0	0	0	0	0	0	0	0	0	0	0	0	0	0	0	0	0	0	0	0	0	14	0	24	0	0	18	0	0	0	28	16	0	0	12	0	0	0	0	0	0	0	0	0	0	0	0	0	0	0	0
"ASV319"	0	0	0	0	0	0	0	0	0	0	0	0	0	0	21	22	0	29	0	0	0	0	0	0	0	0	0	0	0	0	0	0	0	0	0	0	0	0	0	0	0	0	0	0	0	0	0	0	0	0	0	0	0	0	0	0	0	0	0	0	0	0	0	0	0	0	0	0	0	0	0	0	0	0	0	0	0	0	0	0	0	0	0	0	0	0	0	0	0	0	0	0	0	39	46	17	58	27	24	0	11	31	43	0	0	20	34	17	0	0	0	0	35	9
"ASV323"	0	0	0	0	0	0	0	0	0	0	0	0	0	0	0	0	0	0	0	0	0	0	0	0	0	0	0	0	0	41	6	0	30	0	0	0	0	0	0	0	0	0	0	0	0	0	0	0	0	0	0	0	0	0	0	0	0	0	0	0	0	0	0	0	0	0	0	0	0	0	0	0	0	10	0	0	0	0	0	0	0	0	0	0	0	0	0	8	38	0	0	0	28	0	0	103	65	16	110	27	0	0	72	0	12	0	0	18	0	9	0	0	0	0
"ASV324"	0	0	0	0	0	0	0	0	0	0	0	0	0	0	0	0	0	0	10	22	0	0	9	0	0	21	0	0	0	0	0	0	0	0	0	0	0	0	0	0	0	0	0	9	0	0	13	15	17	0	0	0	0	0	0	0	0	0	0	0	10	0	0	15	0	0	0	0	0	0	0	0	0	4	0	4	5	5	0	0	0	34	18	0	19	20	9	10	22	23	12	31	46	0	0	0	0	0	0	33	0	0	10	30	0	12	0	10	15	14	22	0	45	14
"ASV326"	0	0	0	0	0	0	0	0	0	0	0	0	0	0	0	0	0	0	3	0	0	0	0	0	0	7	6	4	0	0	0	14	7	0	31	0	15	19	21	0	17	0	0	5	0	0	0	0	0	40	0	0	0	8	6	0	0	0	0	0	0	0	0	0	0	0	0	0	21	0	0	0	3	0	0	0	0	0	0	0	0	0	0	0	0	0	0	0	25	0	0	0	0	0	0	0	0	0	0	0	0	0	0	31	0	0	0	0	0	0	0	0	0	0
"ASV329"	0	0	0	0	0	0	0	0	0	0	48	26	0	0	0	0	0	0	0	0	0	0	0	0	0	0	0	0	0	0	0	0	0	0	0	0	0	0	0	0	0	0	0	0	0	0	0	0	0	0	0	0	0	0	0	0	0	0	0	0	0	0	0	0	0	0	0	0	0	0	0	0	0	0	0	0	0	0	0	0	0	42	100	0	0	0	0	0	62	60	77	23	0	0	0	0	0	0	0	25	32	0	0	66	0	0	0	0	0	0	0	0	0	63
"ASV330"	0	0	0	0	0	0	0	0	0	0	0	0	0	0	0	0	0	0	6	0	7	0	0	0	0	0	0	0	0	0	0	8	53	0	0	0	0	0	0	0	0	0	0	0	0	0	0	0	0	0	0	0	0	0	121	53	44	0	26	24	0	0	0	0	0	51	0	0	0	27	0	130	0	0	0	0	0	0	0	0	0	0	0	0	0	0	0	0	0	0	0	0	0	0	0	0	0	0	0	0	0	0	0	0	0	0	0	0	0	0	0	0	0	0
"ASV331"	0	0	0	0	0	0	0	0	0	0	0	0	0	0	0	0	0	0	0	0	0	6	21	0	0	5	14	0	0	8	2	5	3	0	0	0	0	0	0	0	0	0	0	0	0	0	0	0	0	0	0	0	0	0	0	0	0	0	0	0	0	0	0	0	0	0	0	0	0	0	0	0	0	0	0	0	0	0	0	0	0	0	13	0	0	0	20	10	29	0	0	7	0	0	0	0	0	7	0	0	11	0	0	16	0	14	0	7	13	6	0	0	0	29
"ASV333"	0	0	0	0	0	0	0	0	0	0	0	0	4	0	0	0	0	0	0	0	0	0	0	0	20	7	14	0	0	0	22	0	0	0	0	0	0	0	0	0	0	0	0	0	0	0	0	0	0	0	0	0	0	0	0	0	0	0	0	0	0	0	0	0	0	0	0	0	0	0	0	0	0	0	0	0	0	0	0	0	0	0	47	0	39	0	0	20	0	70	32	0	0	0	0	0	34	77	0	0	0	0	0	0	0	13	0	0	0	0	0	0	0	0
"ASV334"	0	0	0	0	0	0	0	0	0	0	0	0	0	0	0	0	0	0	0	0	0	0	10	0	13	0	0	15	8	9	0	0	0	12	0	0	0	0	0	0	0	0	0	0	0	0	0	0	0	0	0	0	0	0	0	0	0	0	0	0	0	0	0	0	0	0	0	0	0	0	0	0	0	0	0	0	0	0	0	0	0	0	0	0	0	0	0	0	0	0	0	0	41	82	85	0	68	52	52	0	26	16	98	25	0	0	0	0	0	0	17	0	0	0
"ASV335"	0	0	0	0	0	0	0	0	0	0	0	0	0	0	0	0	0	0	0	0	0	0	0	0	8	0	0	8	18	0	8	10	11	10	0	0	0	0	0	0	0	0	0	0	0	0	0	0	0	0	0	0	0	0	0	0	0	0	0	0	0	0	0	0	0	0	0	0	0	0	0	0	0	0	0	0	0	0	0	0	0	0	0	0	9	34	2	9	0	101	54	0	0	0	0	0	42	0	23	0	0	87	0	0	0	0	17	54	42	10	0	16	54	0
"ASV337"	0	0	0	0	0	0	0	0	5	0	0	18	0	0	0	16	0	7	0	0	0	0	0	0	0	0	0	0	0	0	0	0	0	0	0	0	0	0	0	0	0	0	0	0	0	0	0	0	0	0	0	0	0	0	58	89	33	25	52	73	33	90	11	41	0	0	0	0	0	19	0	0	0	0	0	0	7	5	0	17	0	0	0	0	0	0	0	0	0	0	0	0	0	0	0	0	0	0	0	0	0	0	0	0	0	0	0	0	0	0	0	0	0	0
"ASV338"	0	0	0	0	0	0	0	0	0	0	0	0	0	6	9	31	11	15	0	0	0	0	0	0	0	0	0	0	0	0	0	0	0	0	0	0	0	0	0	0	0	0	0	0	0	0	0	0	0	0	0	0	0	0	0	0	0	0	0	0	0	0	0	0	0	0	0	0	0	0	0	0	0	0	0	0	0	0	0	0	0	14	4	0	0	0	0	7	7	0	0	4	4	0	0	0	0	0	5	0	0	7	7	9	0	8	0	11	7	0	0	9	0	13
"ASV340"	0	0	0	0	0	0	0	0	0	0	0	0	0	0	0	0	0	0	0	6	5	5	0	4	4	3	0	0	15	7	0	3	12	5	0	0	0	0	0	0	0	0	0	0	0	0	0	0	0	0	0	0	0	0	0	0	0	0	0	0	0	0	0	0	0	0	0	0	0	0	0	0	0	0	0	0	0	0	0	0	0	46	24	0	0	29	0	0	69	35	31	27	0	0	0	0	0	0	0	0	0	0	0	0	0	0	0	0	0	0	0	0	0	0
"ASV341"	0	0	0	0	0	0	0	0	0	0	0	0	0	0	0	0	0	0	0	0	0	0	0	0	0	0	0	0	0	0	0	0	0	0	0	15	18	0	0	0	0	0	0	0	8	14	7	14	36	23	0	20	20	0	0	0	0	0	0	10	15	0	8	0	0	0	28	26	0	0	0	0	0	0	0	0	11	14	0	0	10	0	0	0	0	0	0	0	0	21	0	0	0	0	0	0	0	0	0	0	0	0	0	0	0	0	0	0	0	0	0	0	0	0
"ASV344"	0	0	0	0	0	0	0	0	0	0	0	0	0	0	0	0	0	0	0	0	0	10	0	0	0	0	0	0	0	0	0	0	0	0	0	0	0	0	0	0	0	0	0	0	0	0	0	0	0	0	0	0	0	0	0	0	0	0	0	0	0	0	0	0	0	0	0	0	0	0	0	0	0	0	0	0	0	0	0	0	0	26	33	0	0	0	0	0	16	17	21	0	126	19	19	0	0	0	0	88	0	25	66	48	0	0	0	0	0	11	0	0	28	0
"ASV349"	0	0	0	0	0	0	0	0	0	0	0	0	0	0	0	0	0	0	0	0	0	0	0	0	0	0	0	0	0	0	0	0	0	0	0	0	0	0	0	0	0	0	0	0	0	0	0	0	0	0	0	0	0	0	0	0	0	0	0	0	0	0	0	0	0	0	0	0	0	0	0	0	0	0	0	0	0	0	0	0	0	32	32	0	14	0	0	0	20	0	0	18	0	12	0	0	20	0	10	22	20	0	20	21	0	0	0	0	0	11	0	12	50	32
"ASV351"	0	0	0	0	0	42	0	11	0	0	0	15	0	0	0	0	0	0	0	0	0	0	0	0	0	0	0	0	0	0	0	0	0	0	0	0	0	0	0	0	0	0	0	0	0	0	0	0	0	0	0	0	0	0	0	0	0	0	0	0	0	0	0	0	0	0	0	0	0	0	0	0	0	0	0	0	0	0	0	0	0	0	87	0	18	29	62	0	60	136	94	15	13	0	0	0	0	0	0	0	0	0	14	0	0	0	0	0	0	0	0	0	0	0
"ASV354"	0	0	0	0	0	0	0	0	0	0	0	0	0	0	0	0	0	0	0	0	0	3	0	0	7	6	0	0	6	5	18	0	8	9	0	0	0	0	0	0	0	0	0	0	0	0	0	0	0	0	0	0	0	0	0	0	0	0	0	0	0	0	0	0	0	0	0	0	0	0	0	0	0	0	0	0	0	0	0	0	0	0	25	0	0	0	0	0	0	0	3	0	0	0	0	0	0	0	0	0	0	0	0	0	0	6	0	0	0	2	0	0	0	0
"ASV359"	0	0	0	0	0	0	0	0	0	0	0	0	0	0	0	0	0	0	0	0	0	0	0	0	0	0	0	0	0	0	0	0	0	0	0	0	0	0	0	0	0	0	0	0	0	0	0	0	0	0	0	0	0	0	0	0	0	0	0	0	0	0	0	0	0	0	0	0	0	0	0	0	0	0	0	0	0	0	0	0	0	85	16	11	0	0	0	0	45	13	0	0	10	0	6	0	23	0	13	21	0	13	36	121	0	11	0	0	0	0	20	0	0	28
"ASV361"	0	0	0	0	0	0	0	0	0	0	0	0	0	0	0	0	0	0	0	0	0	0	0	0	0	14	22	0	0	0	0	5	12	0	0	0	0	0	0	0	0	0	0	0	0	0	0	0	0	0	0	0	0	0	0	0	0	0	0	0	0	0	0	0	0	0	0	0	0	0	0	0	0	0	0	0	0	0	0	0	0	0	0	0	0	0	0	0	0	0	0	0	0	0	0	0	0	0	0	0	31	0	0	0	0	0	30	0	49	99	0	0	272	0
"ASV362"	0	0	0	0	0	0	0	0	0	0	0	0	0	0	0	0	0	0	0	0	0	0	0	0	0	0	0	0	9	13	20	0	22	0	0	0	0	0	0	0	0	0	0	0	0	0	0	0	0	0	0	0	0	0	0	0	0	0	0	0	0	0	0	0	0	0	0	0	0	0	0	0	0	0	0	0	0	0	0	0	0	0	0	0	0	0	0	0	0	0	0	0	0	0	0	0	0	0	0	0	0	0	0	0	0	0	0	25	0	16	0	8	23	0
"ASV364"	0	0	0	0	0	0	0	0	0	0	0	0	0	0	0	0	0	0	0	0	14	0	0	0	0	0	0	0	10	16	8	5	9	0	0	0	0	0	0	0	0	0	0	0	0	0	0	0	0	0	0	0	0	0	0	0	0	0	0	0	0	0	0	0	0	0	0	0	0	0	0	0	0	0	0	0	0	0	0	0	0	0	27	0	0	0	4	0	0	12	0	0	0	6	8	0	15	11	0	0	0	9	23	0	0	11	0	11	0	0	9	0	0	20
"ASV370"	0	0	0	0	0	0	0	0	0	0	0	0	0	0	0	0	0	0	0	0	0	0	0	0	0	0	8	0	11	0	17	0	23	0	0	0	0	0	0	0	0	0	0	0	0	0	0	0	0	0	0	0	0	0	0	0	0	0	0	0	0	0	0	0	0	0	0	0	0	0	0	0	0	0	0	0	0	0	0	0	0	0	0	9	28	9	0	0	6	0	0	0	92	0	33	0	30	32	9	51	12	9	24	0	0	0	0	0	0	0	0	0	27	0
"ASV373"	0	0	0	0	0	0	0	0	0	0	0	0	0	0	0	0	0	0	0	0	0	0	0	0	0	0	0	0	17	16	3	3	15	3	0	0	0	0	0	0	0	0	0	0	0	0	0	0	0	0	0	0	0	0	0	0	0	0	0	0	0	0	0	0	0	0	0	0	0	0	0	0	0	0	0	0	0	0	0	4	0	0	52	28	0	0	0	0	0	0	0	0	0	31	25	0	0	0	0	0	21	0	0	0	0	0	0	0	0	28	0	13	0	0
"ASV379"	0	0	0	0	0	16	0	0	0	0	0	0	0	0	0	0	0	0	0	0	0	17	21	0	0	0	0	0	0	0	0	0	0	0	0	0	0	0	0	0	0	0	0	0	0	0	0	0	0	0	0	0	0	0	0	0	0	0	0	0	0	0	0	0	0	0	0	0	0	0	0	0	0	0	0	0	0	0	0	0	0	0	71	33	54	16	0	28	57	31	30	42	0	0	0	0	0	0	0	0	0	0	0	27	0	17	0	0	0	0	24	0	19	0
"ASV380"	0	0	0	0	0	0	0	0	0	0	0	30	0	0	10	0	7	0	0	0	0	0	0	0	0	0	0	0	0	0	0	0	0	0	0	0	0	0	0	0	0	0	0	0	0	0	0	0	0	0	0	0	0	0	0	0	0	0	0	0	0	0	0	0	0	0	0	0	0	0	0	0	0	0	0	0	0	0	0	0	0	0	26	0	17	0	0	0	0	0	0	0	55	38	0	0	0	0	0	16	0	13	16	89	0	0	0	0	0	0	53	0	23	16
"ASV382"	22	0	0	0	0	15	0	6	0	0	0	10	0	0	0	0	0	0	0	0	0	0	0	0	0	0	0	0	0	0	0	0	0	0	0	0	0	0	0	0	0	0	0	0	0	0	0	0	0	0	0	0	0	0	0	0	0	0	0	0	0	0	0	0	0	0	0	0	0	0	0	0	0	0	0	0	0	0	0	0	0	0	39	0	20	11	0	0	0	0	24	0	0	42	35	13	72	30	42	0	26	31	0	0	0	0	0	15	26	19	0	0	0	0
"ASV385"	0	0	0	0	0	0	0	0	0	0	0	0	0	0	0	0	0	0	0	0	0	0	0	0	0	0	0	0	12	12	0	16	12	0	0	0	0	0	0	0	0	0	0	0	0	0	0	0	0	0	0	0	0	0	0	0	0	0	0	0	0	0	0	0	0	0	0	0	0	0	0	0	0	0	0	0	0	0	0	0	0	0	34	20	21	14	21	0	0	0	0	0	0	24	0	13	23	0	0	0	0	22	47	11	0	0	0	0	0	0	0	0	0	0
"ASV389"	0	0	0	0	0	0	0	0	0	0	0	0	0	0	0	0	0	3	0	0	0	0	0	0	0	0	0	0	0	0	0	0	0	0	0	0	0	0	0	0	0	0	0	0	0	0	0	0	0	0	0	0	0	0	0	0	0	0	0	0	0	0	0	0	0	0	0	0	0	0	0	0	0	0	0	0	0	0	0	0	0	0	31	0	0	0	0	0	28	0	0	0	63	53	27	0	0	70	0	41	23	41	0	0	0	0	0	0	0	0	0	0	50	0
"ASV390"	0	0	0	0	0	0	0	0	0	0	0	0	0	0	0	0	0	0	3	0	0	14	23	0	0	0	0	0	0	0	0	0	0	0	0	0	0	0	0	0	0	0	0	0	0	0	0	0	0	0	0	0	0	0	0	0	0	0	0	0	0	0	0	0	0	0	0	0	0	0	0	0	0	0	0	0	0	0	0	0	0	0	143	17	28	0	39	34	0	8	12	22	0	0	0	0	17	0	0	0	0	0	0	0	0	0	0	0	0	0	0	0	0	0
"ASV391"	0	0	0	0	0	0	0	0	0	0	0	0	0	0	0	0	0	0	0	0	0	0	0	0	0	0	0	0	0	0	0	0	0	0	0	0	0	0	0	0	0	0	0	0	0	0	0	0	0	0	0	0	0	0	0	0	0	0	0	0	0	0	0	0	0	0	0	0	0	0	0	0	0	0	0	0	0	0	0	0	0	0	0	0	0	0	0	0	0	0	0	0	0	31	21	0	44	50	0	0	0	0	26	0	13	57	0	0	29	0	45	0	0	60
"ASV393"	13	8	0	9	14	0	0	0	0	0	0	0	0	0	0	0	0	0	0	0	0	0	0	0	0	0	0	0	0	0	0	0	0	0	0	0	0	0	0	0	0	0	0	0	0	0	0	0	0	0	0	0	0	0	0	0	0	0	0	0	0	0	0	0	0	0	0	0	0	0	0	0	0	0	0	0	0	0	0	0	0	0	73	31	42	0	8	0	0	30	56	0	0	0	0	0	57	31	29	0	0	0	0	0	0	0	0	0	0	0	0	0	45	0
"ASV395"	0	0	0	0	0	9	0	18	0	2	6	12	0	0	0	0	0	0	0	0	0	0	0	0	0	0	0	0	0	0	0	0	0	0	0	0	0	51	63	0	16	0	0	0	0	0	0	0	0	0	0	0	0	2	0	105	0	0	0	0	0	0	0	0	0	0	0	0	6	0	0	89	0	0	0	0	0	0	0	0	0	0	0	0	0	0	0	0	0	0	0	0	0	0	0	0	0	0	0	0	0	0	0	0	0	0	0	0	0	0	0	0	0	0
"ASV399"	0	0	0	0	0	0	0	0	0	0	0	0	0	0	0	0	0	0	0	0	0	0	0	0	0	0	0	0	0	0	0	0	0	50	0	0	0	0	0	0	0	0	0	0	0	0	0	0	0	0	0	0	0	0	0	0	0	0	0	0	0	0	0	0	0	0	0	0	0	0	0	0	0	0	0	0	0	0	0	0	0	0	0	0	0	0	0	0	0	15	0	0	0	0	0	33	9	0	0	0	0	21	0	0	0	46	45	171	23	0	0	16	14	0
"ASV400"	5	9	3	0	0	17	0	0	0	0	0	0	0	5	10	0	0	0	0	0	0	0	0	0	0	0	0	0	0	0	0	0	0	0	0	0	0	0	0	0	0	0	0	0	0	0	0	0	0	0	0	0	0	0	0	0	0	0	0	0	0	0	0	0	0	0	0	0	0	0	0	0	0	0	0	0	0	0	0	0	0	0	0	0	41	35	8	0	0	9	21	0	0	0	0	0	0	0	0	0	0	0	0	0	0	0	0	0	0	9	0	29	39	0
"ASV405"	0	0	0	0	0	0	0	0	0	0	0	0	0	0	0	0	0	0	0	0	0	0	0	0	0	0	0	0	0	0	0	0	0	0	0	0	0	0	0	0	0	0	0	0	0	0	0	0	0	0	0	0	0	0	0	0	0	0	0	0	0	0	0	0	0	0	35	54	0	0	0	0	0	0	0	0	0	0	0	0	0	0	0	0	0	12	0	0	0	68	24	0	0	0	0	0	0	0	0	0	0	51	0	12	0	0	0	40	31	0	0	0	54	0
"ASV407"	0	0	0	0	0	0	0	0	0	0	0	0	0	0	0	0	0	0	0	0	0	0	0	0	0	19	9	11	0	0	0	0	0	0	0	0	0	0	0	0	0	0	0	0	0	0	0	0	0	0	0	0	0	0	0	0	0	0	0	0	0	0	0	0	0	0	0	0	0	0	0	0	0	0	0	0	0	0	0	0	0	0	0	0	0	0	0	0	0	0	0	0	0	0	0	73	54	0	0	0	0	98	0	95	48	0	0	0	0	0	0	0	0	11
"ASV415"	0	0	0	0	0	0	0	0	0	0	0	0	0	0	12	0	34	0	0	0	0	0	0	0	0	0	0	0	0	0	0	0	0	0	0	0	0	0	0	0	0	0	0	0	0	0	0	0	0	0	0	0	0	0	0	0	0	0	0	0	0	0	0	0	0	0	0	0	0	0	0	0	0	0	0	0	0	0	0	0	0	14	31	15	10	0	0	8	10	7	7	5	0	6	12	0	23	19	0	17	11	10	14	0	0	35	0	0	0	0	0	5	0	0
"ASV416"	0	0	0	0	0	0	0	0	0	0	0	0	0	0	0	23	0	13	0	0	0	0	0	0	0	0	0	0	0	0	0	0	0	0	0	0	0	0	0	0	0	0	0	0	0	0	0	0	0	0	0	0	0	0	0	0	0	0	0	0	0	0	0	0	0	0	0	0	0	0	0	0	0	0	0	0	0	0	0	0	0	0	0	0	0	0	0	0	0	8	0	0	0	42	34	0	24	12	0	0	0	0	17	11	0	20	0	0	0	0	0	0	0	0
"ASV419"	22	0	0	15	0	0	0	0	0	0	0	0	0	0	0	0	0	0	0	0	0	0	0	0	0	0	0	0	0	0	0	0	0	0	0	0	0	0	0	0	0	0	0	0	0	0	0	0	0	0	0	0	0	0	0	0	0	0	0	0	0	0	0	0	0	0	0	0	0	0	0	0	0	0	0	0	0	0	0	0	0	0	59	0	49	47	45	54	0	25	53	0	0	0	0	0	0	0	0	0	0	0	0	0	0	13	0	0	0	0	0	0	0	15
"ASV421"	0	0	0	0	0	0	0	0	0	0	0	0	0	0	0	0	0	0	0	0	0	0	0	0	0	0	0	0	0	0	0	0	0	0	0	0	0	0	0	0	0	0	0	0	0	0	0	0	0	0	0	0	0	0	0	0	0	0	0	0	0	0	0	0	0	0	0	0	0	0	0	0	0	0	0	0	0	0	0	0	0	9	13	20	9	15	0	0	0	0	15	0	65	0	0	0	13	0	16	51	0	0	0	6	0	0	0	0	0	0	0	0	20	0
"ASV422"	0	0	0	0	0	10	0	13	8	0	0	13	0	0	0	0	0	0	0	0	0	0	0	0	0	0	0	0	0	0	0	0	0	0	0	0	0	0	0	0	0	0	0	0	0	0	0	0	0	0	0	0	0	0	0	0	0	0	0	0	0	0	0	0	0	0	0	0	0	0	0	0	0	0	0	0	0	0	0	0	0	0	0	0	0	0	0	0	0	0	8	0	17	0	10	0	61	0	27	54	0	9	43	30	0	0	7	24	9	0	24	7	23	0
"ASV423"	0	0	0	0	0	0	0	0	0	0	0	0	0	0	22	0	0	22	0	0	0	0	0	0	0	0	0	0	0	0	0	0	0	0	0	0	0	0	0	0	0	0	16	41	68	31	43	59	79	0	0	0	0	0	0	0	0	0	0	0	0	0	0	0	0	0	0	0	0	0	0	0	0	0	0	0	0	0	0	0	0	0	0	0	0	0	0	0	0	0	0	0	0	0	0	0	0	0	0	0	0	0	0	0	0	0	0	0	0	0	0	0	0	0
"ASV425"	43	0	0	0	0	0	0	0	0	0	0	0	0	0	0	0	0	0	0	0	0	0	0	0	0	0	0	0	0	0	0	0	0	0	0	0	0	0	0	0	0	0	0	0	0	0	0	0	0	0	0	0	0	0	0	0	0	0	0	0	0	0	0	0	0	0	0	0	0	0	0	0	0	0	0	0	0	0	0	0	0	0	0	0	0	0	0	0	0	0	0	0	0	14	0	24	107	0	106	0	52	0	0	0	0	0	0	0	0	0	0	0	0	0
"ASV430"	0	0	0	0	0	0	0	0	0	0	0	0	0	0	0	0	0	0	0	0	0	0	0	0	0	0	0	0	0	0	0	0	0	0	0	0	0	0	0	0	0	0	0	0	0	0	0	0	0	0	0	0	0	0	0	0	0	0	0	0	0	0	0	0	0	0	0	0	0	0	0	0	0	0	0	0	0	0	0	0	0	0	0	0	0	0	0	0	0	0	0	0	25	42	29	0	19	0	6	54	5	8	99	0	0	0	0	0	0	0	0	0	0	0
"ASV433"	0	0	0	0	0	0	0	0	0	0	0	0	0	0	0	0	0	0	0	0	7	6	0	0	0	0	0	0	0	11	0	1	18	0	0	0	0	0	0	0	0	0	0	0	0	0	0	0	0	0	0	0	0	0	0	0	0	0	0	0	0	0	0	0	0	0	0	0	0	0	0	0	0	0	0	0	0	0	0	0	0	0	0	29	0	0	24	33	0	0	0	0	0	0	0	17	28	0	44	0	12	0	0	0	0	64	0	18	0	0	0	16	0	0
"ASV435"	0	0	0	0	0	0	0	0	0	0	0	0	0	0	0	0	0	0	0	0	0	0	0	0	0	13	0	0	0	0	0	0	0	0	0	0	0	0	0	0	0	0	0	0	0	0	0	0	0	0	0	0	0	0	0	0	0	0	0	0	0	0	0	0	0	0	0	0	0	0	0	0	0	0	0	0	0	0	0	0	0	0	29	0	25	0	21	41	35	53	69	37	0	0	0	0	0	0	0	0	0	21	0	0	0	0	0	0	0	0	0	0	0	0
"ASV437"	0	0	0	0	0	0	0	0	0	0	0	0	0	0	0	0	0	0	0	0	0	0	0	33	0	0	0	0	0	0	0	0	0	0	0	0	0	0	0	0	0	0	0	0	0	0	0	0	0	0	0	0	0	0	0	0	0	0	0	0	0	0	0	0	0	0	0	0	0	0	0	0	0	0	0	0	0	0	0	0	0	0	0	0	0	0	0	12	0	0	0	0	108	0	0	0	0	0	0	36	0	0	61	0	0	0	22	0	0	0	0	0	64	0
"ASV440"	0	0	4	15	0	0	0	8	0	5	0	0	3	0	0	0	0	0	0	0	0	0	0	0	0	0	0	0	0	0	0	0	0	0	0	0	0	0	0	0	0	0	0	0	0	0	0	0	0	0	0	0	0	0	0	0	0	0	0	0	0	0	0	0	0	0	0	0	0	0	0	0	0	0	0	0	0	0	0	0	0	0	0	0	0	21	0	0	0	197	28	0	0	0	0	3	0	0	0	0	0	15	0	0	0	0	0	25	0	0	0	0	27	0
"ASV442"	0	0	0	0	0	37	0	0	0	0	3	0	0	0	0	0	0	0	0	0	0	0	0	0	0	0	0	0	0	0	0	0	0	0	0	0	0	0	0	0	0	0	0	0	0	0	0	0	0	0	0	0	0	0	0	0	0	0	0	0	0	0	0	0	0	0	0	0	0	0	0	0	0	0	0	0	0	0	0	0	0	0	0	0	0	0	0	0	0	0	0	0	0	0	0	0	0	0	0	0	0	0	0	0	0	45	0	37	29	47	0	21	63	19
"ASV447"	0	0	0	0	0	0	0	0	0	0	0	0	0	0	0	0	0	0	0	0	0	0	0	0	0	0	0	0	0	0	0	0	0	0	0	0	0	0	0	0	0	0	0	0	0	0	0	0	0	0	0	0	0	0	0	0	0	0	0	0	0	0	0	0	0	0	0	0	0	0	0	0	0	0	0	0	0	0	0	0	0	0	0	79	145	0	0	0	0	0	0	0	0	0	0	0	0	0	0	0	96	0	0	0	0	0	0	0	0	0	0	0	0	0
"ASV455"	0	0	0	0	0	0	0	0	0	0	0	0	0	0	0	0	0	0	0	0	0	0	0	0	0	0	0	0	0	0	0	0	0	0	0	0	0	0	0	0	0	0	0	0	0	0	0	0	0	0	0	0	0	0	0	0	0	0	0	0	0	0	0	0	0	0	0	0	0	0	0	0	0	0	0	0	0	0	0	0	0	24	37	0	12	50	0	10	53	61	11	31	0	0	0	0	0	3	0	0	0	0	0	0	0	0	0	0	0	0	0	0	9	12
"ASV456"	0	0	0	0	0	0	0	0	0	0	0	0	0	0	0	0	0	0	5	7	3	0	0	0	0	3	7	0	0	0	2	5	6	0	0	0	0	0	0	0	0	0	0	0	0	0	0	0	0	0	0	0	0	0	0	0	0	0	0	0	0	0	0	0	0	0	0	0	0	0	0	0	0	0	0	0	0	0	0	0	0	0	14	0	11	0	11	12	0	0	0	0	0	0	0	0	0	0	0	0	0	0	0	0	0	0	0	0	0	0	0	0	0	0
"ASV465"	0	0	0	0	0	0	0	0	0	0	0	0	0	0	0	0	0	0	0	0	0	0	0	0	0	0	0	0	12	8	8	0	8	0	0	0	0	0	0	0	0	0	0	0	0	0	0	0	0	0	0	0	0	0	0	0	0	0	0	0	0	0	0	0	0	0	0	0	0	0	0	0	0	0	0	0	0	0	0	0	0	0	0	0	0	0	13	0	0	27	59	0	27	24	16	0	14	0	0	43	23	21	22	0	0	0	0	0	0	0	0	0	11	0
"ASV470"	0	0	4	0	0	0	5	17	0	0	0	4	0	0	0	0	0	0	0	0	0	0	0	0	0	0	0	0	0	0	0	0	0	0	0	0	0	0	0	0	0	0	0	0	0	0	0	0	0	0	0	0	0	0	0	0	0	0	0	0	0	0	0	0	0	0	0	0	0	0	0	0	0	0	0	0	0	0	0	0	0	0	0	0	0	0	0	0	0	0	0	0	0	0	0	7	26	0	33	0	0	50	0	0	0	12	16	41	46	15	0	0	48	0
"ASV471"	0	0	0	0	0	4	0	0	0	0	0	30	0	0	0	0	0	0	0	0	0	0	0	0	0	0	0	0	0	0	0	0	0	0	0	0	0	0	0	0	0	0	0	0	0	0	0	0	0	0	0	0	0	0	0	0	0	0	0	0	0	0	0	0	0	0	0	0	0	0	0	0	0	0	0	0	0	0	0	0	0	0	0	0	0	0	0	0	0	0	0	0	0	0	0	0	12	0	11	0	0	25	0	0	0	33	0	0	0	0	0	7	0	0
"ASV478"	0	0	0	0	0	0	0	0	0	0	0	0	0	0	0	0	0	0	0	0	0	0	0	0	0	7	0	0	0	11	3	3	0	0	0	0	0	0	0	0	0	0	0	0	0	0	0	0	0	0	0	0	0	0	0	0	0	0	0	0	0	0	0	0	0	0	0	0	0	0	0	0	0	0	0	0	0	0	0	0	0	0	0	0	0	0	0	0	0	0	0	0	0	0	0	0	61	0	19	0	16	0	0	0	0	26	25	23	34	20	0	9	57	0
"ASV484"	0	0	0	0	0	0	0	0	0	0	0	0	0	0	0	0	0	0	0	0	0	0	0	0	0	0	0	0	0	0	0	0	0	19	0	0	0	0	0	0	0	24	24	27	38	0	0	0	0	0	28	0	0	0	0	0	0	0	28	30	0	0	0	0	0	26	0	0	0	0	0	0	15	0	0	0	0	0	0	0	0	0	0	0	0	0	0	0	0	0	0	0	0	0	0	0	0	0	0	0	0	0	0	0	0	0	0	0	0	0	0	0	0	0
"ASV486"	0	0	0	0	0	32	0	0	0	0	0	0	0	0	0	0	0	0	0	0	0	0	0	0	0	0	0	0	0	0	0	0	0	0	0	0	0	0	0	0	0	0	0	0	0	0	0	0	0	0	0	0	0	0	0	0	0	0	0	0	0	0	0	0	0	0	0	0	0	0	0	0	0	0	0	0	0	0	0	0	0	0	0	0	0	0	0	0	0	0	0	0	0	0	0	15	79	26	69	17	20	17	36	0	0	0	0	0	0	0	0	0	0	0
"ASV490"	0	0	0	0	0	0	0	0	0	0	0	0	0	0	0	0	0	0	0	0	0	0	0	0	0	0	4	0	5	0	0	0	10	12	0	0	0	0	0	0	0	0	0	0	0	0	0	0	0	0	0	0	0	0	0	0	16	0	22	0	0	12	0	0	0	0	0	0	0	0	0	0	23	9	39	0	10	9	0	0	0	0	0	0	0	0	0	0	0	0	0	0	0	0	0	0	0	0	0	0	0	0	0	0	0	0	0	0	0	0	0	0	0	0
"ASV491"	0	0	0	0	0	0	0	0	0	0	0	0	0	0	0	0	0	0	0	0	0	0	0	0	0	0	2	0	5	6	0	5	7	6	0	0	0	0	0	0	0	0	0	0	0	0	0	0	0	0	0	0	0	0	0	0	0	0	0	0	0	0	0	0	0	0	0	0	0	0	0	0	0	0	0	0	0	0	0	0	0	0	28	44	7	0	0	0	0	0	0	0	0	0	6	0	0	0	5	0	0	0	0	0	0	0	0	0	0	0	0	0	0	0
"ASV499"	0	0	0	0	0	0	0	0	0	0	0	0	0	0	0	0	0	0	0	0	0	0	0	0	0	0	0	0	0	0	0	0	0	0	0	0	0	0	0	0	0	0	0	0	0	0	0	0	0	0	0	0	0	0	0	0	0	0	0	0	0	0	0	0	0	0	0	0	0	0	0	0	0	0	0	0	0	0	0	0	0	19	0	23	0	18	0	16	0	24	19	0	0	0	21	0	43	22	32	0	0	0	20	0	0	0	0	0	0	0	0	0	0	0
"ASV501"	0	0	0	0	0	0	0	0	0	0	4	0	4	0	0	6	8	7	0	0	0	0	0	0	0	0	0	0	0	0	0	0	0	0	0	0	0	0	0	0	0	0	0	0	0	0	0	0	0	0	0	0	0	0	0	0	0	0	0	0	0	0	0	0	0	0	0	0	0	0	0	0	0	0	0	0	0	0	0	0	0	0	32	21	36	25	17	22	0	26	26	12	0	0	0	0	0	20	0	0	19	0	0	0	0	0	0	0	0	0	0	0	0	0
"ASV502"	0	0	0	0	0	0	0	0	0	0	0	0	0	0	0	0	0	0	5	0	0	0	0	0	0	0	0	0	0	0	0	0	0	0	0	0	0	0	0	0	0	0	0	0	0	0	0	0	0	0	0	0	0	0	0	0	0	0	0	0	0	0	0	0	0	0	0	0	0	0	0	0	0	0	0	0	0	0	0	0	0	3	10	4	4	0	0	5	8	0	0	0	0	0	0	0	0	0	0	0	0	0	0	11	0	0	0	0	0	3	6	0	0	0
"ASV503"	0	0	0	0	0	0	0	0	0	0	0	0	0	0	0	0	0	0	0	0	0	0	0	0	0	0	0	0	9	0	0	0	6	0	0	0	0	0	0	0	0	0	0	0	0	0	0	0	0	0	0	0	0	0	0	0	0	0	0	0	0	0	0	0	0	0	0	0	0	0	0	0	0	0	0	0	0	0	0	0	0	0	0	0	0	0	0	0	0	28	25	0	0	0	0	0	0	0	0	0	0	0	0	0	0	0	0	0	0	0	0	37	18	0
"ASV504"	0	0	0	0	0	0	0	0	0	0	0	0	0	0	0	0	0	0	0	0	0	7	10	7	0	0	0	0	0	0	0	0	0	0	0	0	0	0	0	0	0	0	0	0	0	0	0	0	0	0	0	0	0	0	0	0	0	0	0	0	0	0	0	0	0	0	0	0	0	0	0	0	0	0	0	0	0	0	0	0	0	0	0	0	0	0	0	0	0	0	0	0	0	0	0	0	0	0	0	0	0	0	0	0	0	0	23	23	0	35	0	0	81	18
"ASV507"	28	0	0	0	0	0	0	0	0	0	0	0	0	0	0	0	0	0	0	0	0	0	0	0	0	0	0	0	0	0	0	0	0	0	0	0	0	0	0	0	0	0	0	0	0	0	0	0	0	0	0	0	0	0	0	0	0	0	0	0	0	0	0	0	0	0	0	0	0	0	0	0	0	0	0	0	0	0	0	0	0	0	95	41	34	0	0	34	0	0	40	0	0	0	0	0	0	0	0	0	0	0	0	0	0	0	0	0	0	0	0	0	0	0
"ASV509"	0	0	0	0	0	0	0	0	0	0	0	0	0	0	0	0	0	0	0	0	0	0	0	0	0	0	0	0	0	0	0	0	0	0	0	0	0	0	0	0	0	0	0	0	0	0	0	0	0	0	0	0	0	0	0	0	0	0	0	0	0	0	0	0	0	0	0	0	0	0	0	0	0	0	0	0	0	0	0	0	0	21	15	0	0	0	0	10	0	26	26	9	20	0	0	0	0	28	17	0	27	0	0	35	0	0	0	0	0	0	0	0	0	9
"ASV518"	0	0	0	0	0	0	0	0	0	0	0	0	0	0	0	0	0	0	0	0	0	0	0	0	15	0	0	3	8	0	0	0	0	0	0	0	0	0	0	0	0	0	0	0	0	0	0	0	0	0	0	0	0	0	0	0	0	0	0	0	0	0	0	0	0	0	0	0	0	0	0	0	0	0	0	0	0	0	0	0	0	0	0	0	0	0	0	0	0	0	0	0	0	0	0	0	0	0	0	0	14	0	0	0	4	43	4	0	0	21	0	0	0	0
"ASV519"	0	0	0	0	0	0	0	0	0	0	0	0	0	0	0	0	0	0	0	0	0	0	0	0	0	0	26	0	0	0	0	0	0	0	0	0	0	0	0	0	0	0	0	0	0	0	0	0	0	0	0	0	0	0	0	0	0	0	0	0	0	0	0	0	0	0	0	0	0	0	0	0	0	0	0	0	0	0	0	0	0	0	0	0	0	0	0	0	0	0	0	0	32	53	35	0	0	30	17	0	14	0	52	0	0	0	0	0	0	0	0	0	0	0
"ASV531"	0	0	0	0	0	8	0	0	0	7	0	0	0	0	5	4	0	0	0	0	0	0	0	0	0	0	0	0	0	0	0	0	0	0	0	0	0	0	0	0	0	0	0	0	0	0	0	0	0	0	0	0	0	0	0	0	0	0	0	0	0	0	0	0	0	0	0	0	0	0	0	0	0	0	0	0	0	0	0	0	0	8	0	0	0	0	0	0	13	0	3	0	36	18	12	0	0	28	12	37	0	0	57	0	0	0	0	0	0	0	0	0	0	0
"ASV534"	0	0	0	0	0	0	0	0	0	0	0	0	0	0	0	0	19	5	0	0	0	0	0	0	0	0	0	0	0	0	0	0	0	0	0	0	0	0	0	0	0	0	0	0	0	0	0	0	0	0	0	0	0	0	0	0	0	0	0	0	0	0	0	0	0	0	0	0	0	0	0	0	0	0	0	0	0	0	0	0	0	0	0	0	0	0	0	0	0	0	0	0	0	0	0	0	0	0	0	0	0	0	0	0	0	0	0	96	63	0	0	27	31	0
"ASV540"	0	0	0	0	0	0	0	0	0	0	0	0	0	0	0	0	0	0	0	0	0	0	0	24	0	0	0	0	0	0	0	0	0	0	0	0	0	0	0	0	0	0	0	0	0	0	0	0	0	0	0	0	0	0	0	0	0	0	0	0	0	0	0	0	0	0	0	0	0	0	0	0	0	0	0	0	0	0	0	0	0	32	29	0	9	0	0	0	0	0	0	0	0	0	0	0	0	0	0	0	0	0	0	27	0	0	0	0	0	0	22	13	23	0
"ASV542"	0	0	0	0	0	0	0	0	0	0	0	0	0	0	0	0	0	0	0	0	0	0	0	0	9	0	4	0	0	0	0	0	0	0	0	0	0	0	0	0	0	0	0	0	0	0	0	0	0	0	0	0	0	0	0	0	0	0	0	0	0	0	0	0	0	0	0	0	0	0	0	0	0	0	0	0	0	0	0	0	0	0	20	0	6	0	0	0	0	0	0	8	0	0	0	0	0	0	0	19	0	0	14	11	0	0	0	13	11	5	0	0	21	23
"ASV543"	0	0	0	0	0	0	0	0	0	0	0	0	0	0	0	0	0	0	0	0	0	0	0	0	0	0	0	0	24	0	0	0	0	0	0	0	0	0	0	0	0	0	0	0	0	0	0	0	0	0	0	0	0	0	0	0	0	0	0	0	0	0	0	0	0	0	0	0	0	0	0	0	0	0	0	0	0	0	0	0	0	0	0	0	0	0	0	0	0	0	0	0	0	0	0	0	0	0	0	0	0	0	0	0	0	0	19	56	52	0	0	22	64	0
"ASV546"	0	0	0	0	0	0	0	0	0	0	0	0	0	0	0	0	0	0	0	0	0	0	0	0	0	0	0	0	0	0	0	8	16	0	0	0	0	0	0	0	0	0	0	0	0	0	0	0	0	0	0	0	0	0	0	0	0	0	0	0	0	0	0	0	0	0	0	0	0	0	0	0	0	0	0	0	0	0	0	0	0	0	0	0	0	0	0	0	0	0	0	0	0	36	37	0	0	24	0	0	0	20	71	0	0	0	0	0	0	0	0	0	0	0
"ASV549"	0	0	0	0	0	0	0	0	0	0	0	0	0	0	0	0	0	0	0	0	0	0	0	0	0	0	0	0	0	0	0	0	0	0	0	0	0	0	0	0	0	0	0	0	0	0	0	0	0	0	0	0	0	0	0	0	0	0	0	0	0	0	0	0	0	0	0	0	0	0	0	0	0	0	0	0	0	0	0	0	0	23	32	0	0	10	0	0	20	0	0	0	0	0	0	0	33	0	0	0	0	26	30	0	0	0	0	0	0	0	0	0	19	0
"ASV552"	0	0	0	0	0	0	0	0	0	0	0	0	0	0	0	0	0	0	0	0	0	0	0	0	0	0	0	0	7	0	8	0	8	0	0	0	0	0	0	0	0	0	0	0	0	0	0	0	0	0	0	0	0	0	0	0	0	0	0	0	0	0	0	0	0	0	0	0	0	0	0	0	0	0	0	0	0	0	0	0	0	0	21	7	8	0	3	0	0	0	19	0	9	13	8	0	16	14	0	6	0	4	3	19	0	5	0	0	0	0	0	0	10	8
"ASV564"	0	0	0	0	0	0	0	0	0	0	0	0	0	0	0	0	0	0	0	0	0	0	0	0	0	0	0	0	0	22	0	0	0	0	0	0	0	0	0	0	0	0	0	0	0	0	0	0	0	0	0	0	0	0	0	0	0	0	0	0	0	0	0	0	0	0	0	0	0	0	0	0	0	0	0	0	0	0	0	0	0	0	24	0	0	0	0	0	0	20	47	0	0	0	0	0	0	0	0	0	0	0	0	0	0	0	0	0	0	0	0	0	53	0
"ASV565"	0	0	0	0	0	0	0	0	0	0	0	0	0	0	0	0	0	0	0	0	0	0	0	0	0	0	0	0	0	0	4	0	18	0	0	0	0	0	0	0	0	0	0	0	0	0	0	0	0	0	0	0	0	0	0	0	0	0	0	0	0	0	0	0	0	0	0	0	0	0	0	0	0	0	0	0	0	0	0	0	0	0	0	0	0	25	0	0	0	28	72	0	0	0	0	0	0	0	0	0	0	0	0	76	0	0	0	0	0	0	0	0	0	0
"ASV568"	0	0	0	0	0	21	0	0	0	0	0	0	0	0	0	0	0	0	0	0	0	0	0	0	0	0	0	0	0	0	0	0	0	0	0	0	0	0	0	0	0	0	0	0	0	0	0	0	0	0	0	0	0	0	0	0	0	0	0	0	0	0	0	0	0	0	0	0	0	0	0	0	0	0	0	0	0	0	0	0	0	0	0	0	0	0	0	0	0	0	0	0	23	14	16	0	21	21	14	19	9	12	14	0	0	0	0	0	0	10	0	0	12	0
"ASV570"	0	0	0	0	0	0	0	0	0	0	21	0	0	0	0	0	0	0	0	0	0	0	0	0	0	0	0	0	0	0	0	0	0	0	0	0	0	0	0	0	0	0	0	0	0	22	0	0	0	0	0	0	0	0	0	0	0	0	17	47	25	9	9	0	0	0	0	8	0	0	0	0	20	33	0	0	0	0	0	0	0	0	0	0	0	0	0	0	0	0	0	0	0	0	0	0	0	0	0	0	0	0	0	0	0	0	0	0	0	0	0	0	0	0
"ASV579"	0	0	0	0	0	0	0	0	0	0	0	0	0	0	0	0	0	0	0	0	0	0	0	0	0	0	0	0	0	0	0	0	0	0	0	0	0	0	0	0	0	0	0	0	0	0	0	0	0	0	0	0	0	0	0	0	0	0	0	0	0	0	0	0	0	0	0	0	0	0	0	0	0	0	0	0	0	0	0	0	0	0	0	0	0	22	0	6	0	31	0	0	0	0	0	0	9	0	0	0	0	24	0	0	0	0	0	0	20	0	0	21	23	0
"ASV581"	0	0	0	0	0	0	0	0	0	0	0	0	0	0	0	0	0	0	0	0	0	6	0	0	0	0	0	0	6	0	0	0	0	8	0	0	0	0	0	0	0	0	0	0	0	0	0	0	0	0	0	0	0	0	0	0	0	0	0	0	0	0	0	0	0	0	0	0	0	0	0	0	0	0	0	0	0	0	0	0	0	0	0	0	0	33	0	0	0	70	22	0	0	0	0	0	0	0	40	0	0	18	0	0	0	0	0	0	0	0	0	0	0	0
"ASV582"	0	0	0	0	0	0	0	0	0	0	0	0	0	0	0	0	0	0	0	0	0	0	0	20	0	0	0	0	0	0	0	0	0	0	0	0	0	0	0	0	0	0	0	0	0	0	0	0	0	0	0	0	0	0	0	0	0	0	0	0	0	0	0	0	0	0	0	0	0	0	0	0	0	0	0	0	0	0	0	0	0	0	0	0	0	0	0	0	0	17	0	0	0	0	0	0	0	0	0	0	0	0	0	36	8	15	0	27	11	0	11	0	31	27
"ASV584"	0	0	0	0	0	0	0	0	0	0	0	0	0	0	0	0	0	0	0	0	0	0	0	0	20	0	0	0	0	0	0	0	0	0	0	0	0	0	0	0	0	0	0	0	0	0	0	0	0	0	0	0	0	0	0	0	0	0	0	0	0	0	0	0	0	0	0	0	0	0	0	0	0	0	0	0	0	0	0	0	0	0	5	9	0	0	0	0	0	0	0	0	0	0	0	0	0	0	0	0	0	0	0	0	0	13	0	0	8	6	0	17	31	0
"ASV587"	0	0	0	0	0	0	0	7	0	0	0	12	0	0	0	0	0	0	0	0	0	0	0	0	0	0	0	0	0	0	0	0	0	0	0	0	0	0	0	0	0	0	0	0	0	0	0	0	0	0	0	0	0	0	0	0	0	0	0	0	0	0	0	0	0	0	0	0	0	0	0	0	0	0	0	0	0	0	0	0	0	0	0	0	0	0	0	0	0	0	0	0	0	0	0	0	0	0	0	0	0	97	0	0	0	0	0	0	34	0	0	30	19	0
"ASV588"	0	0	0	0	0	0	0	0	0	0	0	0	6	0	0	0	0	0	0	0	0	0	0	0	0	0	0	0	0	0	0	0	0	0	0	0	0	0	0	0	0	0	0	0	0	0	0	0	0	0	0	0	0	0	0	0	0	0	0	0	0	0	0	0	0	0	0	0	0	0	0	0	0	0	0	0	0	0	0	0	0	0	0	20	12	12	0	0	0	0	17	0	0	0	0	0	0	0	0	0	0	0	0	0	0	0	0	11	0	0	0	0	33	0
"ASV589"	0	0	0	0	0	0	0	0	0	0	0	0	3	0	0	0	0	0	0	0	0	0	0	0	0	0	0	0	0	0	0	4	0	0	0	0	0	0	0	0	0	0	0	0	0	0	0	0	0	0	0	0	0	0	0	0	0	0	0	0	0	0	0	0	0	0	0	0	0	0	0	0	0	0	0	0	0	0	0	0	0	0	0	0	0	0	0	0	0	56	28	0	0	0	0	0	0	0	0	0	0	0	0	72	0	0	0	0	0	0	0	0	23	0
"ASV594"	0	0	0	0	0	9	0	0	0	0	0	0	0	0	0	0	0	0	0	0	0	0	0	0	0	0	0	0	0	0	0	0	0	0	0	0	0	0	0	0	0	0	0	0	0	0	0	0	0	0	0	0	0	0	0	0	0	0	0	0	0	0	0	0	0	0	0	0	0	0	0	0	0	0	0	0	0	0	0	0	0	0	0	0	0	0	0	0	0	18	17	0	0	0	0	0	0	0	0	0	0	0	0	0	0	0	0	0	0	0	0	0	34	0
"ASV596"	0	0	0	0	0	0	0	0	0	0	0	18	0	0	0	0	0	0	0	0	0	0	0	0	0	0	0	0	0	0	0	0	0	0	0	0	0	0	0	0	0	0	0	0	0	0	0	0	0	0	0	0	0	0	0	0	0	0	0	0	0	0	0	0	0	0	0	0	0	0	0	0	0	0	0	0	0	0	0	0	0	0	0	14	0	0	0	0	0	0	0	0	40	0	22	0	0	0	0	25	0	0	39	0	0	0	0	22	0	0	0	0	13	0
"ASV598"	0	0	0	0	0	0	0	0	0	0	0	0	0	0	0	0	0	0	0	0	0	0	0	0	0	0	0	0	0	0	0	0	0	0	0	0	0	0	0	0	0	0	0	0	0	0	0	0	0	0	0	0	0	0	0	0	0	0	0	0	0	0	0	0	0	0	0	0	0	0	0	0	0	0	0	0	0	0	0	0	0	0	0	0	0	10	0	0	0	31	16	0	4	0	0	0	17	0	15	8	0	28	32	11	0	0	0	0	0	0	0	0	0	0
"ASV600"	0	0	0	0	0	0	0	0	0	0	0	0	0	0	0	0	0	0	5	2	0	0	4	0	2	0	0	0	0	2	0	0	0	0	0	0	0	0	0	0	0	0	0	0	0	0	0	0	0	0	0	0	0	0	0	0	0	0	0	0	0	0	0	0	0	0	0	0	0	0	0	0	0	0	0	0	0	0	0	0	0	0	0	0	0	0	0	0	0	31	0	0	0	0	0	0	0	0	0	0	0	6	0	0	0	0	0	59	25	0	0	21	28	0
"ASV617"	0	0	0	0	0	0	0	0	0	0	0	0	0	0	0	0	0	0	0	0	0	0	0	0	0	0	0	0	10	0	0	0	7	0	0	0	0	0	0	0	0	0	0	0	0	0	0	0	0	0	0	0	0	0	0	0	0	0	0	0	0	0	0	0	0	0	0	0	0	0	0	0	0	0	0	0	0	0	0	0	0	0	0	9	21	0	0	0	0	0	0	0	0	18	18	0	0	11	0	25	5	0	53	0	0	0	0	0	0	0	0	0	0	0
"ASV621"	0	0	0	0	0	0	0	0	0	0	0	16	0	0	0	0	0	0	0	0	0	0	0	0	0	0	0	0	0	0	0	0	0	0	0	0	0	0	0	0	0	0	0	0	0	0	0	0	0	0	0	0	0	0	0	0	0	0	0	0	0	0	0	0	0	0	0	0	0	0	0	0	0	0	0	0	0	0	0	0	0	0	0	32	12	0	6	0	0	0	4	0	0	0	0	0	0	0	0	0	0	0	0	0	0	3	13	0	6	0	0	0	15	0
"ASV635"	0	0	0	0	0	0	6	3	0	0	0	0	0	0	0	0	0	0	0	0	0	0	0	0	0	0	0	0	0	0	0	0	0	0	0	0	0	0	0	0	0	0	0	0	0	0	0	0	0	0	0	0	0	0	0	0	0	0	0	0	0	0	0	0	0	0	0	0	0	0	0	0	0	0	0	0	0	0	0	0	0	42	0	26	13	0	0	0	27	0	5	0	0	0	0	0	0	0	0	0	0	0	0	20	0	0	0	0	6	0	0	0	11	0
"ASV638"	0	0	0	0	0	0	0	0	0	0	0	0	0	0	0	0	0	0	0	0	0	0	0	0	0	0	0	0	0	0	0	0	0	0	0	0	0	0	0	0	0	0	0	0	0	0	0	0	0	0	0	0	0	0	0	0	0	0	0	0	0	0	0	0	0	0	0	0	0	0	0	0	0	0	0	0	0	0	0	0	0	0	0	0	0	0	0	0	0	0	0	0	0	0	0	0	0	0	0	0	0	0	0	0	0	33	0	0	18	17	21	0	22	38
"ASV640"	0	0	0	0	0	0	0	0	0	0	0	0	0	0	0	0	0	0	0	0	0	0	0	0	15	0	0	0	0	0	0	0	0	0	0	0	0	0	0	0	0	0	0	0	0	0	0	0	0	0	0	0	0	0	0	0	0	0	0	0	0	0	0	0	0	0	0	0	0	0	0	0	0	0	0	0	0	0	0	0	0	0	0	0	0	0	0	0	0	48	0	0	0	0	0	0	0	0	0	0	0	0	0	0	0	9	16	75	0	0	0	0	0	0
"ASV642"	0	0	0	0	0	0	0	0	0	0	0	0	0	0	0	0	0	0	0	0	0	0	0	0	0	0	0	0	0	0	0	0	0	15	0	0	0	0	0	0	0	0	0	0	0	0	0	0	0	0	0	0	0	0	0	0	0	0	0	0	0	0	0	0	0	0	0	0	2	0	0	0	0	0	0	0	0	0	0	0	0	24	10	6	0	0	0	0	0	15	8	0	0	10	12	0	0	0	11	0	4	0	14	22	0	0	0	0	0	0	9	0	0	0
"ASV646"	0	0	0	0	0	3	0	0	0	0	0	0	0	0	0	0	5	0	0	0	0	0	0	0	0	0	0	0	0	0	0	0	0	0	0	0	0	0	0	0	0	0	0	0	0	0	0	0	0	0	0	0	0	0	0	0	0	0	0	0	0	0	0	0	0	0	0	0	0	0	0	0	0	0	0	0	0	0	0	0	0	0	0	0	0	0	0	0	0	56	0	0	0	0	0	0	24	0	0	0	0	65	0	0	0	0	0	0	0	0	0	0	0	0
"ASV651"	0	0	0	0	0	0	0	0	0	0	0	0	0	0	0	0	0	0	0	0	0	0	0	0	0	0	0	0	0	0	0	0	0	0	0	0	0	0	0	0	0	0	0	0	0	0	0	0	0	0	0	0	0	0	0	0	0	0	0	0	0	0	0	0	0	0	0	0	0	0	0	0	0	0	0	0	0	0	0	0	0	0	0	0	0	0	0	0	0	0	0	0	0	0	0	0	0	0	0	0	0	54	0	0	0	0	0	35	30	0	0	24	0	0
"ASV652"	0	0	0	0	0	0	0	0	0	0	0	0	0	0	0	0	0	0	0	0	0	0	0	0	0	0	0	0	0	0	0	0	0	0	0	0	0	0	0	0	0	0	0	0	0	0	0	0	0	0	0	0	0	0	0	0	0	0	0	0	0	0	0	0	0	0	0	0	0	0	0	0	0	0	0	0	0	0	0	0	0	25	0	0	0	0	0	0	0	0	0	0	0	0	19	9	0	0	0	12	0	0	0	0	0	45	0	0	0	0	18	0	0	0
"ASV670"	0	0	0	0	0	0	0	0	0	0	0	0	0	0	0	0	0	0	0	0	0	0	0	0	0	0	0	0	0	0	0	5	8	0	0	0	0	0	0	0	0	0	0	0	0	0	0	0	0	0	0	0	0	0	0	0	0	0	0	0	0	0	0	0	0	0	0	0	0	0	0	0	0	0	0	0	0	0	0	0	0	0	0	7	0	0	0	0	20	0	18	0	0	7	0	0	0	16	0	0	0	33	0	0	0	0	0	0	15	0	0	0	17	0
"ASV672"	0	0	0	0	0	9	0	3	0	0	0	0	0	0	0	0	0	0	0	0	0	0	0	0	0	0	0	0	0	0	0	0	0	0	0	0	0	0	0	0	0	0	0	0	0	0	0	0	0	0	0	0	0	0	0	0	0	0	0	0	0	0	0	0	0	0	0	0	0	0	0	0	0	0	0	0	0	0	0	0	0	0	0	0	0	0	0	0	0	8	0	0	0	0	0	0	0	0	0	0	0	0	0	0	0	0	0	0	0	0	14	9	25	10
"ASV673"	0	0	0	0	0	0	0	0	0	0	0	0	0	0	0	0	0	6	0	0	0	0	0	0	0	0	0	0	0	0	0	0	0	0	0	0	0	0	0	0	0	0	0	0	0	0	0	0	0	0	0	0	0	0	0	0	0	0	0	0	0	0	0	0	0	0	0	0	0	0	0	0	0	0	0	0	0	0	0	0	0	0	0	0	0	0	0	0	0	0	0	0	0	0	0	0	24	0	0	0	13	0	0	0	3	0	0	0	0	0	0	0	20	0
"ASV675"	0	0	0	0	0	0	0	0	0	0	0	0	0	0	0	0	0	0	0	0	0	0	0	0	0	0	0	0	0	0	0	0	0	0	0	0	0	0	0	0	0	0	0	0	0	0	0	0	0	0	0	0	0	0	0	0	0	0	0	0	0	0	0	0	0	0	0	0	0	0	0	0	0	0	0	0	0	0	0	0	0	0	0	0	0	4	0	0	0	10	0	0	0	0	0	0	7	0	0	0	0	15	0	0	0	19	8	35	9	0	0	8	16	0
"ASV679"	0	0	0	0	0	0	0	0	0	0	0	0	0	0	0	0	0	0	0	0	0	0	0	0	0	0	2	0	0	0	0	0	10	0	0	0	0	0	0	0	0	0	0	0	0	0	0	0	0	0	0	0	0	0	0	0	0	0	0	0	0	0	0	0	0	0	0	0	0	0	0	0	0	0	0	0	0	0	0	0	0	0	0	0	0	0	0	0	0	0	0	0	0	0	0	0	42	0	73	0	0	15	0	0	0	0	0	0	0	0	0	0	0	0
"ASV681"	0	0	0	0	0	0	0	0	0	0	0	0	0	0	0	0	0	0	0	0	0	0	0	0	0	0	0	0	0	4	0	0	0	4	0	0	0	0	0	0	0	0	0	0	0	0	0	0	0	0	0	0	0	0	0	0	0	0	0	0	0	0	0	0	0	0	0	0	0	0	0	0	0	0	0	0	0	0	0	0	0	0	17	0	0	0	0	0	0	8	18	0	0	0	0	0	0	0	0	0	0	0	0	0	5	0	0	0	0	13	0	14	0	25
"ASV682"	0	0	0	0	0	0	0	0	0	0	0	0	0	0	0	0	0	0	0	0	0	0	0	0	0	0	0	0	0	0	12	0	0	0	0	0	0	0	0	0	0	0	0	0	0	0	0	0	0	0	0	0	0	0	0	0	0	0	0	0	0	0	0	0	0	0	0	0	0	0	0	0	0	0	0	0	0	0	0	0	0	0	0	0	0	11	0	0	0	18	2	0	0	0	0	0	0	0	19	0	0	19	0	0	0	0	0	0	0	0	0	0	0	0
"ASV686"	0	0	0	0	0	0	0	0	0	0	0	0	0	0	0	0	0	0	0	0	0	0	0	0	0	0	0	0	0	0	0	0	0	12	0	0	0	0	0	0	0	0	0	0	0	0	0	0	0	0	0	0	0	0	0	0	0	0	0	0	0	0	0	0	0	0	0	0	0	0	0	0	0	0	0	0	0	0	0	0	0	0	0	0	0	21	0	0	0	17	22	0	0	13	0	0	0	0	19	0	0	25	0	0	0	0	0	0	0	0	0	0	0	0
"ASV690"	0	0	0	0	0	0	0	0	0	0	0	0	0	0	0	0	0	0	3	0	4	0	4	0	0	0	0	0	0	0	0	0	0	0	0	0	0	0	0	0	0	0	0	0	0	0	0	0	0	0	0	0	0	0	0	0	0	0	16	6	15	18	18	0	0	0	0	11	0	0	0	0	0	0	11	15	0	0	0	0	0	0	0	0	0	0	0	0	0	0	0	0	0	0	0	0	0	0	0	0	0	0	0	0	0	0	0	0	0	0	0	0	0	0
"ASV693"	0	0	0	0	0	0	0	0	0	0	0	0	0	0	0	0	0	0	0	0	0	0	11	0	0	0	0	0	0	0	0	0	0	0	0	0	0	0	0	0	0	0	0	0	0	0	0	0	0	0	0	0	0	0	0	0	0	0	0	0	0	0	0	0	0	0	0	0	0	0	0	0	0	0	0	0	0	0	0	0	0	0	0	0	0	34	0	0	0	28	0	0	0	0	0	0	0	0	0	0	0	63	0	0	0	0	0	0	0	0	0	0	0	0
"ASV700"	0	0	0	0	0	0	0	0	0	0	0	0	0	0	0	0	0	0	0	0	0	0	0	0	0	0	0	0	0	0	11	0	0	0	0	0	0	0	0	0	0	0	0	0	0	0	0	0	0	0	0	0	0	0	0	0	0	0	0	0	0	0	0	0	0	0	0	0	0	0	0	0	0	0	0	0	0	0	0	0	0	10	15	9	0	14	0	0	0	25	0	0	0	0	0	0	0	0	0	0	0	0	0	39	0	0	0	0	0	0	10	0	0	0
"ASV703"	0	0	0	0	0	0	0	0	0	0	0	0	0	0	0	0	0	0	0	0	0	0	0	0	0	0	0	0	0	0	0	11	0	0	0	0	0	0	0	0	0	0	0	0	0	0	0	0	0	0	0	0	0	0	0	0	0	0	0	0	0	0	0	0	0	0	0	0	0	0	0	0	0	0	0	0	0	0	0	0	0	0	0	0	0	27	0	7	0	68	17	0	0	0	0	0	0	0	0	0	0	0	0	0	0	0	0	0	0	0	0	0	0	0
"ASV705"	0	0	0	0	0	0	0	0	0	0	0	0	0	0	0	10	0	0	0	0	0	0	0	0	0	0	0	0	0	0	0	0	0	0	0	0	0	0	0	0	0	0	0	0	0	0	0	0	0	0	0	0	0	0	0	0	0	0	0	0	0	0	0	0	0	0	0	0	0	0	0	0	0	0	0	0	0	0	0	0	0	0	0	0	0	0	0	0	0	0	0	0	0	33	13	0	0	23	0	0	24	0	19	0	0	0	0	0	0	0	0	0	0	0
"ASV714"	0	0	0	0	0	0	0	0	0	0	0	0	0	0	0	0	0	0	0	0	0	0	0	0	0	10	0	0	0	0	0	0	0	0	0	0	0	0	0	0	0	0	0	0	0	0	0	0	0	0	0	0	0	0	0	0	0	0	0	0	0	0	0	0	0	0	0	0	0	0	0	0	0	0	0	0	0	0	0	0	0	0	0	0	0	0	5	0	0	0	0	0	0	0	0	0	0	0	0	0	0	7	0	0	0	0	0	0	0	0	0	0	34	0
"ASV717"	0	0	0	0	0	0	0	0	0	0	0	0	0	0	0	0	0	0	0	0	0	0	0	0	0	0	0	0	10	0	0	0	0	0	0	0	0	0	0	0	0	0	0	0	0	0	0	0	0	0	0	0	0	0	0	0	0	0	0	0	0	0	0	0	0	0	0	0	0	0	0	0	0	0	0	0	0	0	0	0	0	0	10	10	0	0	7	6	0	0	7	0	0	0	0	0	0	0	0	0	0	0	0	0	0	0	0	0	0	0	0	0	0	0
"ASV718"	0	0	0	0	0	0	0	0	0	0	0	0	0	0	0	0	0	0	0	0	0	0	0	0	0	0	0	0	4	6	0	0	0	0	0	0	0	0	0	0	0	0	0	0	0	0	0	0	0	0	0	0	0	0	0	0	0	0	0	0	0	0	0	0	0	0	0	0	0	0	0	0	0	0	0	0	0	0	0	0	0	0	9	0	7	0	0	0	0	0	0	0	18	0	9	0	0	0	26	13	0	0	25	0	0	0	0	0	0	0	0	0	0	0
"ASV720"	0	0	0	0	0	0	0	0	0	0	0	0	0	0	0	0	0	0	0	0	0	0	0	0	0	0	0	0	0	0	0	0	0	0	0	0	0	0	0	0	0	0	0	0	0	0	0	0	0	0	0	6	0	0	0	0	0	0	0	0	0	0	0	0	0	0	0	0	0	0	0	0	0	0	0	0	0	0	0	0	0	0	0	0	0	0	0	0	0	22	27	0	0	0	0	0	0	0	0	0	0	0	0	0	0	0	0	7	0	0	0	0	0	0
"ASV728"	0	0	0	0	0	0	0	0	0	0	0	9	0	0	0	0	0	0	0	0	0	0	0	0	0	0	0	0	0	0	0	0	0	0	0	0	0	0	0	0	0	0	0	0	0	0	0	0	0	0	0	0	0	0	0	0	0	0	0	0	0	0	0	0	0	0	0	0	0	0	0	0	0	0	0	0	0	0	0	0	0	0	0	0	0	0	0	0	0	16	8	0	0	0	0	0	0	0	0	0	0	18	0	0	0	0	0	13	4	0	0	0	0	0
"ASV732"	0	0	0	0	0	0	0	0	0	0	0	0	0	0	0	0	0	0	0	0	0	0	0	0	0	0	0	0	0	0	0	0	0	0	0	0	0	0	0	0	0	0	0	0	0	0	0	0	0	0	0	0	0	0	0	0	0	0	0	0	0	0	0	0	0	0	0	0	0	0	0	0	0	0	0	0	0	0	0	0	0	0	0	0	0	0	0	0	0	0	6	0	0	0	0	0	0	0	0	0	0	0	0	0	0	21	0	0	0	5	0	6	0	0
"ASV736"	0	0	0	0	0	0	0	0	0	0	0	0	0	0	0	0	0	0	0	0	0	0	0	0	0	0	0	0	0	0	0	0	0	0	0	0	0	0	0	0	0	0	0	0	0	0	0	0	0	0	0	0	0	0	0	0	0	0	0	0	0	0	0	0	0	0	0	0	0	0	0	0	0	0	0	0	0	0	0	0	0	0	0	0	0	0	0	0	0	0	0	0	44	0	10	6	0	7	0	21	0	0	16	0	0	0	0	0	0	0	0	0	0	0
"ASV738"	0	0	0	0	0	0	0	0	0	0	0	0	0	0	0	0	0	0	0	0	0	0	0	0	0	0	0	0	0	0	0	0	0	2	0	0	0	0	0	0	0	0	0	0	0	0	0	0	0	0	0	0	0	0	0	0	0	0	0	0	0	0	0	0	0	0	0	0	0	0	0	0	0	0	0	0	0	0	0	0	0	0	0	0	0	0	0	0	0	0	0	11	0	0	0	13	36	0	35	0	0	0	8	0	0	0	0	0	0	0	0	0	0	0
"ASV748"	0	0	0	0	0	0	0	0	0	0	0	0	0	0	0	0	0	0	0	0	0	0	0	0	0	0	0	0	0	0	0	0	0	0	0	0	0	0	0	0	0	0	0	0	0	0	0	0	0	0	0	0	0	0	0	0	0	0	0	0	0	0	0	0	0	0	0	0	0	0	0	0	0	0	0	0	0	0	0	0	0	0	0	0	0	0	0	3	0	0	0	0	0	0	0	0	0	0	5	0	5	0	0	0	0	0	0	0	0	0	0	0	0	0
"ASV751"	0	0	0	0	0	0	0	0	0	0	0	0	0	0	0	0	0	0	8	0	0	0	0	0	0	0	0	0	0	0	0	0	0	0	0	0	0	0	0	0	0	0	0	0	0	0	0	0	0	0	0	0	0	0	0	0	0	0	0	0	0	0	0	0	0	0	0	0	0	0	0	0	0	0	0	0	0	0	0	0	0	0	0	0	0	0	0	0	0	0	0	0	0	0	0	13	44	10	31	0	0	0	0	0	0	0	0	0	0	0	0	0	0	0
"ASV763"	0	0	0	0	0	0	0	0	0	0	0	0	0	0	0	0	0	0	0	0	0	0	0	0	0	0	0	0	0	3	5	0	0	0	0	0	0	0	0	0	0	0	0	0	0	0	0	0	0	0	0	0	0	0	0	0	0	0	0	0	0	0	0	0	0	0	0	0	0	0	0	0	0	0	0	0	0	0	0	0	0	0	0	0	27	23	17	27	0	0	0	0	0	0	0	0	0	0	0	0	0	0	0	0	0	0	0	0	0	0	0	0	0	0
"ASV771"	0	0	0	0	0	0	0	0	0	0	7	0	0	0	0	0	0	0	0	0	0	0	0	0	0	0	0	0	0	0	0	0	0	0	0	0	0	0	0	0	0	0	0	0	0	0	0	0	0	0	0	0	0	0	0	0	0	0	0	0	0	0	0	0	0	0	0	0	0	0	0	0	0	0	0	0	0	0	0	0	0	0	0	0	0	16	0	0	0	19	58	0	0	0	0	0	0	0	0	0	0	0	0	0	0	0	0	0	0	0	0	0	0	0
"ASV783"	0	0	0	0	0	0	0	0	0	0	0	0	0	0	0	0	0	0	0	0	0	0	0	0	0	0	0	0	7	0	0	0	0	0	0	0	0	0	0	0	0	0	0	0	0	0	0	0	0	0	0	0	0	0	0	0	0	0	0	0	0	0	0	0	0	0	0	0	0	0	0	0	0	0	0	0	0	0	0	0	0	0	0	0	0	0	0	0	0	0	0	0	0	0	1	0	2	0	1	11	2	0	0	0	0	0	0	0	0	0	0	0	0	0
"ASV798"	0	0	0	0	0	0	0	6	0	0	0	0	0	0	0	0	0	0	0	0	0	0	0	0	0	0	0	0	0	0	0	0	0	0	0	0	0	0	0	0	0	0	0	0	0	0	0	0	0	0	0	0	0	0	0	0	0	0	0	0	0	0	0	0	0	0	0	0	0	0	0	0	0	0	0	0	0	0	0	0	0	0	0	0	0	0	0	0	0	0	0	0	0	0	0	0	0	0	0	0	0	0	0	0	0	0	0	36	22	0	0	0	26	0
"ASV806"	0	0	0	0	0	0	0	0	0	0	0	0	0	0	0	0	0	0	0	0	0	0	0	0	0	0	0	0	0	0	0	0	0	0	0	0	0	0	0	0	0	0	0	0	0	0	0	0	0	0	0	0	0	0	0	0	0	0	0	0	0	0	0	0	0	0	0	0	0	0	0	0	0	0	0	0	0	0	0	0	0	0	0	0	0	0	0	0	0	0	0	0	26	3	0	0	2	0	3	17	16	0	0	0	0	0	0	0	0	0	0	0	0	0
"ASV809"	0	0	0	0	0	0	0	0	0	0	0	0	0	0	0	0	0	0	0	0	0	0	0	0	0	0	0	0	0	0	0	0	0	0	0	0	0	0	0	0	0	0	0	0	0	0	0	0	0	0	0	0	0	0	0	0	0	0	0	0	0	0	0	0	0	0	0	0	0	0	0	0	0	0	0	0	0	0	0	0	0	0	7	0	0	0	0	0	0	44	19	0	0	0	0	0	0	0	0	0	0	0	0	0	0	0	0	0	0	10	0	0	0	0
"ASV810"	0	0	0	0	0	0	0	0	0	0	0	0	0	0	0	0	0	0	0	0	0	0	0	0	0	0	0	0	0	0	0	0	0	0	0	0	0	0	0	0	0	0	0	0	0	0	0	0	0	0	0	0	0	0	0	0	0	0	0	0	0	0	0	0	0	0	0	0	0	0	0	0	0	0	0	0	0	0	0	0	0	0	0	0	0	43	0	0	0	0	0	0	0	0	0	0	0	0	0	0	0	0	0	0	0	0	0	0	15	0	0	22	0	0
"ASV811"	0	0	0	0	0	0	0	0	0	0	0	0	0	0	0	0	0	0	0	0	0	0	0	0	0	0	0	0	0	0	0	0	0	0	0	0	0	0	0	0	0	0	0	0	0	0	0	0	0	0	0	0	0	0	0	0	0	0	0	0	0	0	0	0	0	0	0	0	0	0	0	0	0	0	0	0	0	0	0	0	0	0	0	0	0	0	0	0	0	0	0	0	0	0	0	0	19	0	0	0	29	0	0	0	0	0	0	0	0	15	0	0	0	0
"ASV825"	0	0	0	0	0	0	0	0	0	0	0	0	0	0	0	0	0	0	0	0	0	0	0	0	0	0	6	0	0	0	0	0	0	0	0	0	0	0	0	0	0	0	0	0	0	0	0	0	0	0	0	0	0	0	0	0	0	0	0	0	0	0	0	0	0	0	0	0	0	0	0	0	0	0	0	0	0	0	0	0	0	0	10	12	0	0	0	0	0	0	0	0	0	0	0	0	0	0	0	0	0	0	0	0	0	0	16	10	6	0	0	0	8	13
"ASV826"	0	0	0	0	0	0	0	0	0	0	0	0	0	0	0	0	0	0	0	0	0	0	0	0	0	0	0	6	0	0	0	0	0	0	0	0	0	0	0	0	0	0	0	0	0	0	0	0	0	0	0	0	0	0	0	0	0	0	0	0	0	0	0	0	0	0	0	0	0	0	0	0	0	0	0	0	0	0	0	0	0	0	0	0	0	16	0	0	0	47	12	0	0	0	0	0	0	0	0	0	0	0	0	0	0	0	0	0	0	0	0	0	0	0
"ASV835"	0	0	0	0	0	0	0	0	0	0	0	0	0	0	0	0	0	0	0	0	0	0	0	0	0	0	0	0	0	0	6	0	0	0	0	0	0	0	0	0	0	0	0	0	0	0	0	0	0	0	0	0	0	0	0	0	0	0	0	0	0	0	0	0	0	0	0	0	0	0	0	0	0	0	0	0	0	0	0	0	0	0	0	0	0	0	0	0	0	13	0	0	0	0	0	6	0	0	0	0	0	0	0	0	0	0	6	0	0	0	0	0	0	0
"ASV838"	0	0	0	0	0	0	0	0	0	0	0	0	0	0	0	0	0	0	0	0	0	0	0	0	0	0	0	0	0	0	0	0	6	0	0	0	0	0	0	0	0	0	0	0	0	0	0	0	0	0	0	0	0	0	0	0	0	0	0	0	0	0	0	0	0	0	0	0	0	0	0	0	0	0	0	0	0	0	0	0	0	0	0	0	0	0	0	0	0	0	0	0	0	0	0	0	30	4	22	0	6	10	0	0	0	0	0	0	0	0	0	0	0	0
"ASV842"	0	0	0	0	0	0	0	0	0	0	0	0	0	0	0	0	0	0	0	0	0	0	0	0	0	0	0	0	0	0	0	0	0	6	0	0	0	0	0	0	0	0	0	0	0	0	0	0	0	0	0	0	0	0	0	0	0	0	0	0	0	0	0	0	0	0	0	0	0	0	0	0	0	0	0	0	0	0	0	0	0	0	0	0	0	10	0	6	0	9	28	0	0	0	0	0	0	0	0	0	0	18	0	0	0	0	0	0	0	0	0	0	0	0
"ASV843"	0	0	0	0	0	0	0	0	0	0	0	0	0	0	0	0	0	0	0	0	0	0	0	0	0	0	0	0	0	0	0	0	0	0	0	0	0	0	0	0	0	0	0	0	0	0	0	0	0	0	0	0	0	0	0	0	0	0	0	0	0	0	0	0	0	0	0	0	0	0	0	0	0	0	0	0	0	0	0	0	0	0	0	0	0	0	0	0	0	0	0	0	0	0	8	0	34	9	20	0	0	0	0	0	0	0	0	0	0	0	0	0	0	0
"ASV871"	0	0	0	0	0	0	0	0	0	0	0	0	0	0	0	0	0	0	0	0	0	0	0	0	0	0	0	0	0	0	0	0	0	0	0	0	0	0	0	0	0	0	0	0	0	0	0	0	0	0	0	0	0	0	0	0	0	0	0	0	0	0	0	0	0	0	0	0	0	0	0	0	0	0	0	0	0	0	0	0	0	0	0	0	0	0	0	0	0	0	0	0	0	0	0	0	0	0	0	0	0	0	0	0	0	0	0	0	0	6	0	6	47	0
"ASV886"	0	0	0	0	0	0	0	0	0	0	0	0	0	0	0	0	0	0	0	0	0	0	0	0	0	0	0	0	0	5	0	0	0	0	0	0	0	0	0	0	0	0	0	0	0	0	0	0	0	0	0	0	0	0	0	0	0	0	0	0	0	0	0	0	0	0	0	0	0	0	0	0	0	0	0	0	0	0	0	0	0	0	0	0	0	0	0	0	0	8	0	0	0	0	0	0	0	0	0	0	0	0	0	0	6	0	0	10	0	0	0	13	0	22
"ASV907"	0	0	0	0	0	0	0	0	0	0	0	0	0	0	0	0	0	0	0	0	0	0	0	0	0	0	0	0	0	0	0	0	0	0	0	0	0	0	0	0	0	0	0	0	0	0	0	0	0	0	0	0	0	0	0	0	0	0	0	0	0	0	0	0	0	0	0	0	0	0	0	0	0	0	0	0	0	0	0	0	0	0	0	0	0	19	0	0	0	12	0	0	0	0	0	0	0	0	0	0	0	0	0	0	0	0	0	0	25	0	0	0	0	0
"ASV958"	0	0	0	0	0	0	0	0	0	0	0	0	0	0	0	0	0	0	0	0	0	0	0	0	0	0	0	0	0	0	0	0	0	4	0	0	0	0	0	0	0	0	0	0	0	0	0	0	0	0	0	0	0	0	0	0	0	0	0	0	0	0	0	0	0	0	0	0	0	0	0	0	0	0	0	0	0	0	0	0	0	0	0	0	0	0	0	0	0	0	0	0	0	0	0	0	16	0	10	0	0	22	0	0	0	0	0	0	0	0	0	0	0	0
"ASV967"	0	0	0	0	0	0	0	0	0	0	0	0	0	0	0	0	0	0	0	0	0	0	0	0	0	0	0	0	0	0	0	0	0	0	0	0	0	0	0	0	0	0	0	0	0	0	0	0	0	0	0	0	0	0	0	0	0	0	0	0	0	0	0	0	0	0	0	0	0	0	0	0	0	0	0	0	0	0	0	0	0	0	0	0	0	9	10	0	0	8	11	0	0	0	0	0	0	0	0	0	0	0	0	0	0	0	0	0	0	0	0	0	0	0
"ASV1058"	0	0	0	0	0	0	0	0	0	0	0	0	0	0	0	0	0	0	0	0	0	0	0	0	0	0	0	0	0	0	0	0	0	0	0	0	0	0	0	0	0	0	0	0	0	0	0	0	0	0	0	0	0	0	0	0	0	0	0	0	0	0	0	0	0	0	0	0	0	0	0	0	0	0	0	0	0	0	0	0	0	0	0	0	0	0	0	0	0	0	0	0	0	0	0	0	0	0	0	0	0	16	0	0	0	10	11	0	0	0	0	0	0	0
"ASV1107"	0	0	0	0	0	0	0	0	0	0	0	0	0	0	0	0	0	0	0	0	0	0	0	0	0	0	0	0	0	0	0	0	0	0	0	0	0	0	0	0	0	0	0	0	0	0	0	0	0	0	0	0	0	0	0	0	0	0	0	0	0	0	0	0	0	0	0	0	0	0	0	0	0	0	0	0	0	0	0	0	0	0	0	0	0	0	0	0	0	0	7	0	0	0	0	0	0	0	0	0	0	3	0	0	0	0	0	0	0	4	0	9	0	0
"ASV1109"	0	0	0	0	0	0	0	0	0	0	0	0	0	0	0	0	0	0	0	0	0	0	0	0	0	0	0	0	0	0	0	0	0	0	0	0	0	0	0	0	0	0	0	0	0	0	0	0	0	0	0	0	0	0	0	0	0	0	0	0	0	0	0	0	0	0	0	0	0	0	0	0	0	0	0	0	0	0	0	0	0	0	0	0	7	0	0	0	0	0	0	0	0	0	0	0	6	0	0	0	4	0	0	0	0	0	0	0	0	0	0	0	0	0
"ASV1156"	0	0	0	0	0	0	0	0	0	0	0	0	0	0	0	0	0	0	0	0	0	0	0	0	0	0	0	0	0	0	0	0	0	0	0	0	0	0	0	0	0	0	0	0	0	0	0	0	0	0	0	0	0	0	0	0	0	0	0	0	0	0	0	0	0	0	0	0	0	0	0	0	0	0	0	0	0	0	0	0	0	0	6	0	6	0	4	12	0	0	0	0	0	0	0	0	0	0	0	0	0	0	0	0	0	0	0	0	0	0	0	0	0	0
"ASV1158"	0	0	0	0	0	0	0	0	0	0	0	0	0	0	0	0	0	0	0	0	0	0	0	0	0	0	0	0	0	0	0	0	0	0	0	0	0	0	0	0	0	0	0	0	0	0	0	0	0	0	0	0	0	0	0	0	0	0	0	0	0	0	0	0	0	0	0	0	0	0	0	0	0	0	0	0	0	0	0	0	0	0	0	0	0	0	0	0	0	0	0	0	0	0	0	8	10	0	10	0	0	0	0	0	0	0	0	0	0	0	0	0	0	0
